2010.06.10,3413.00,3538.00,3404.00,3529.00,10935
2010.06.11,3526.00,3574.00,3507.00,3572.00,9573
2010.06.14,3581.00,3630.00,3580.00,3583.00,8253
2010.06.15,3603.00,3705.00,3583.00,3701.00,8856
2010.06.16,3690.00,3702.00,3639.00,3694.00,8255
2010.06.17,3672.00,3715.00,3661.00,3694.00,8789
2010.06.18,3691.00,3705.00,3663.00,3689.00,7132
2010.06.21,3751.00,3765.00,3672.00,3687.00,6937
2010.06.22,3702.00,3725.00,3639.00,3652.00,8708
2010.06.23,3661.00,3695.00,3624.00,3655.00,9498
2010.06.24,3668.00,3674.00,3542.00,3556.00,9748
2010.06.25,3565.00,3577.00,3504.00,3539.00,10328
2010.06.28,3540.00,3586.00,3506.00,3546.00,8610
2010.06.29,3517.00,3525.00,3405.00,3424.00,11889
2010.06.30,3432.00,3470.00,3388.00,3392.00,11775
2010.07.01,3380.00,3405.00,3322.00,3367.00,13742
2010.07.02,3361.00,3393.00,3318.00,3344.00,9950
2010.07.05,3349.00,3366.00,3323.00,3326.00,2935
2010.07.06,3348.00,3457.00,3345.00,3393.00,7297
2010.07.07,3381.00,3530.00,3361.00,3528.00,8007
2010.07.08,3516.00,3569.00,3503.00,3566.00,7574
2010.07.09,3566.00,3586.00,3540.00,3584.00,5999
2010.07.12,3557.00,3593.00,3543.00,3581.00,5437
2010.07.13,3575.00,3643.00,3567.00,3638.00,7166
2010.07.14,3655.00,3659.00,3595.00,3626.00,6459
2010.07.15,3629.00,3654.00,3568.00,3607.00,8045
2010.07.16,3586.00,3615.00,3474.00,3482.00,8172
2010.07.19,3492.00,3536.00,3477.00,3512.00,6595
2010.07.20,3505.00,3516.00,3418.00,3511.00,8183
2010.07.21,3505.00,3543.00,3446.00,3458.00,9700
2010.07.22,3463.00,3608.00,3459.00,3600.00,8237
2010.07.23,3592.00,3633.00,3575.00,3630.00,9387
2010.07.26,3638.00,3644.00,3590.00,3640.00,5714
2010.07.27,3639.00,3699.00,3630.00,3665.00,6993
2010.07.28,3685.00,3700.00,3649.00,3658.00,6041
2010.07.29,3664.00,3713.00,3614.00,3646.00,7436
2010.07.30,3637.00,3680.00,3600.00,3646.00,9385
2010.08.02,3673.00,3766.00,3669.00,3756.00,6383
2010.08.03,3746.00,3753.00,3712.00,3741.00,6277
2010.08.04,3734.00,3780.00,3714.00,3770.00,7035
2010.08.05,3766.00,3802.00,3757.00,3775.00,5230
2010.08.06,3778.00,3794.00,3696.00,3751.00,8618
2010.08.09,3768.00,3791.00,3760.00,3784.00,4632
2010.08.10,3766.00,3771.00,3708.00,3754.00,7954
2010.08.11,3722.00,3722.00,3615.00,3627.00,8400
2010.08.12,3613.00,3640.00,3583.00,3622.00,7656
2010.08.13,3648.00,3652.00,3571.00,3607.00,8620
2010.08.16,3620.00,3627.00,3561.00,3604.00,7681
2010.08.17,3624.00,3669.00,3608.00,3648.00,7096
2010.08.18,3642.00,3672.00,3623.00,3653.00,6632
2010.08.19,3659.00,3678.00,3551.00,3572.00,10792
2010.08.20,3565.00,3595.00,3515.00,3536.00,8998
2010.08.23,3535.00,3584.00,3523.00,3542.00,7230
2010.08.24,3527.00,3529.00,3457.00,3480.00,10131
2010.08.25,3470.00,3500.00,3413.00,3478.00,10036
2010.08.26,3475.00,3491.00,3436.00,3444.00,9084
2010.08.27,3457.00,3531.00,3432.00,3528.00,9111
2010.08.30,3530.00,3532.00,3461.00,3462.00,5372
2010.08.31,3443.00,3495.00,3424.00,3473.00,9553
2010.09.01,3496.00,3626.00,3478.00,3607.00,8124
2010.09.02,3598.00,3648.00,3596.00,3647.00,7453
2010.09.03,3639.00,3707.00,3630.00,3681.00,7588
2010.09.06,3700.00,3701.00,3674.00,3687.00,1696
2010.09.07,3675.00,3681.00,3619.00,3635.00,7007
2010.09.08,3629.00,3687.00,3612.00,3662.00,7289
2010.09.09,3665.00,3731.00,3654.00,3701.00,6470
2010.09.10,3709.00,3732.00,3695.00,3719.00,5134
2010.09.13,3760.00,3781.00,3745.00,3765.00,4743
2010.09.14,3764.00,3784.00,3745.00,3765.00,6115
2010.09.15,3775.00,3782.00,3737.00,3768.00,5509
2010.09.16,3749.00,3766.00,3727.00,3751.00,5255
2010.09.17,3780.00,3795.00,3703.00,3724.00,7431
2010.09.20,3740.00,3810.00,3734.00,3802.00,5558
2010.09.21,3791.00,3824.00,3767.00,3779.00,7133
2010.09.22,3796.00,3800.00,3728.00,3741.00,8454
2010.09.23,3761.00,3770.00,3664.00,3687.00,8231
2010.09.24,3696.00,3794.00,3684.00,3789.00,7247
2010.09.27,3800.00,3806.00,3760.00,3766.00,5838
2010.09.28,3775.00,3780.00,3709.00,3771.00,9528
2010.09.29,3768.00,3797.00,3724.00,3736.00,8834
2010.09.30,3710.00,3782.00,3691.00,3715.00,10278
2010.10.01,3725.00,3753.00,3670.00,3699.00,9156
2010.10.04,3695.00,3700.00,3627.00,3645.00,7603
2010.10.05,3669.00,3753.00,3637.00,3743.00,7123
2010.10.06,3743.00,3779.00,3739.00,3756.00,6647
2010.10.07,3752.00,3798.00,3730.00,3768.00,7334
2010.10.08,3772.00,3780.00,3735.00,3773.00,7907
2010.10.11,3769.00,3780.00,3756.00,3765.00,3887
2010.10.12,3731.00,3768.00,3697.00,3763.00,6700
2010.10.13,3765.00,3842.00,3764.00,3814.00,5069
2010.10.14,3832.00,3843.00,3796.00,3812.00,5352
2010.10.15,3823.00,3838.00,3798.00,3832.00,6546
2010.10.18,3809.00,3854.00,3798.00,3844.00,4743
2010.10.19,3825.00,3855.00,3774.00,3793.00,7129
2010.10.20,3803.00,3841.00,3785.00,3830.00,5381
2010.10.21,3826.00,3890.00,3810.00,3855.00,6359
2010.10.22,3863.00,3888.00,3855.00,3866.00,4377
2010.10.25,3895.00,3900.00,3855.00,3858.00,4758
2010.10.26,3864.00,3867.00,3818.00,3860.00,4885
2010.10.27,3843.00,3868.00,3807.00,3837.00,5671
2010.10.28,3842.00,3864.00,3818.00,3842.00,5207
2010.10.29,3816.00,3858.00,3806.00,3837.00,5336
2010.11.01,3867.00,3873.00,3799.00,3821.00,5745
2010.11.02,3827.00,3879.00,3826.00,3865.00,4453
2010.11.03,3873.00,3890.00,3826.00,3863.00,5722
2010.11.04,3881.00,3933.00,3877.00,3928.00,4939
2010.11.05,3923.00,3937.00,3892.00,3922.00,5596
2010.11.08,3908.00,3926.00,3895.00,3923.00,4319
2010.11.09,3908.00,3960.00,3898.00,3919.00,4566
2010.11.10,3922.00,3931.00,3867.00,3907.00,5904
2010.11.11,3903.00,3906.00,3845.00,3879.00,5468
2010.11.12,3811.00,3856.00,3771.00,3820.00,8046
2010.11.15,3811.00,3873.00,3792.00,3845.00,5112
2010.11.16,3821.00,3834.00,3742.00,3759.00,6499
2010.11.17,3761.00,3796.00,3745.00,3789.00,5225
2010.11.18,3832.00,3872.00,3818.00,3860.00,4505
2010.11.19,3865.00,3873.00,3822.00,3869.00,4376
2010.11.22,3897.00,3902.00,3788.00,3829.00,4788
2010.11.23,3797.00,3803.00,3721.00,3736.00,6376
2010.11.24,3743.00,3764.00,3700.00,3764.00,5434
2010.11.25,3748.00,3766.00,3728.00,3746.00,2729
2010.11.26,3726.00,3743.00,3684.00,3724.00,5352
2010.11.29,3731.00,3773.00,3620.00,3667.00,8213
2010.11.30,3645.00,3656.00,3590.00,3620.00,7955
2010.12.01,3632.00,3688.00,3619.00,3685.00,6115
2010.12.02,3680.00,3757.00,3647.00,3754.00,6998
2010.12.03,3744.00,3775.00,3720.00,3761.00,5746
2010.12.06,3764.00,3764.00,3721.00,3747.00,5157
2010.12.07,3760.00,3834.00,3755.00,3797.00,5880
2010.12.08,3784.00,3857.00,3777.00,3839.00,5744
2010.12.09,3856.00,3869.00,3835.00,3864.00,4990
2010.12.10,3877.00,3878.00,3848.00,3874.00,4167
2010.12.13,3867.00,3907.00,3866.00,3894.00,3649
2010.12.14,3895.00,3906.00,3880.00,3894.00,4152
2010.12.15,3883.00,3893.00,3863.00,3874.00,4460
2010.12.16,3881.00,3897.00,3860.00,3894.00,4212
2010.12.17,3896.00,3905.00,3862.00,3875.00,3673
2010.12.20,3868.00,3918.00,3861.00,3888.00,3054
2010.12.21,3912.00,3935.00,3899.00,3925.00,2808
2010.12.22,3924.00,3932.00,3916.00,3925.00,2169
2010.12.23,3928.00,3929.00,3887.00,3905.00,2188
2010.12.24,3911.00,3915.00,3893.00,3901.00,664
2010.12.27,3906.00,3906.00,3717.00,3870.00,3278
2010.12.28,3872.00,3880.00,3850.00,3863.00,1384
2010.12.29,3867.00,3902.00,3867.00,3882.00,1946
2010.12.30,3887.00,3901.00,3836.00,3846.00,2614
2010.12.31,3853.00,3859.00,3804.00,3805.00,1248
2011.01.03,3857.00,3905.00,3832.00,3896.00,2907
2011.01.04,3899.00,3944.00,3888.00,3914.00,3702
2011.01.05,3904.00,3918.00,3848.00,3916.00,4933
2011.01.06,3914.00,3943.00,3882.00,3896.00,4370
2011.01.07,3893.00,3912.00,3840.00,3863.00,6312
2011.01.10,3849.00,3851.00,3787.00,3815.00,4997
2011.01.11,3819.00,3865.00,3807.00,3855.00,8732
2011.01.12,3861.00,3952.00,3858.00,3947.00,9602
2011.01.13,3953.00,3977.00,3942.00,3955.00,10562
2011.01.14,3964.00,4004.00,3951.00,4003.00,10312
2011.01.17,3984.00,3989.00,3964.00,3971.00,5156
2011.01.18,3981.00,4014.00,3981.00,4013.00,7986
2011.01.19,4021.00,4023.00,3959.00,3973.00,9814
2011.01.20,3969.00,3988.00,3947.00,3988.00,11214
2011.01.21,3978.00,4048.00,3976.00,4019.00,10236
2011.01.24,4032.00,4052.00,4001.00,4052.00,10520
2011.01.25,4050.00,4057.00,4016.00,4039.00,10714
2011.01.26,4043.00,4066.00,4039.00,4053.00,8884
2011.01.27,4057.00,4078.00,4031.00,4072.00,10922
2011.01.28,4065.00,4072.00,3969.00,3975.00,12522
2011.01.31,3987.00,4025.00,3952.00,4017.00,11064
2011.02.01,4020.00,4086.00,4017.00,4081.00,10022
2011.02.02,4082.00,4088.00,4049.00,4055.00,8206
2011.02.03,4054.00,4058.00,4006.00,4055.00,9268
2011.02.04,4048.00,4059.00,4024.00,4059.00,8448
2011.02.07,4059.00,4097.00,4049.00,4081.00,7628
2011.02.08,4085.00,4111.00,4076.00,4110.00,8078
2011.02.09,4102.00,4118.00,4086.00,4096.00,7858
2011.02.10,4094.00,4106.00,4039.00,4103.00,10394
2011.02.11,4081.00,4119.00,4036.00,4117.00,9336
2011.02.14,4118.00,4130.00,4088.00,4105.00,6612
2011.02.15,4100.00,4117.00,4084.00,4110.00,7666
2011.02.16,4112.00,4169.00,4112.00,4155.00,7732
2011.02.17,4151.00,4163.00,4129.00,4156.00,6774
2011.02.18,4157.00,4167.00,4133.00,4151.00,6788
2011.02.21,4150.00,4163.00,4093.00,4097.00,5584
2011.02.22,4083.00,4083.00,4014.00,4023.00,10768
2011.02.23,4036.00,4060.00,3986.00,4004.00,10744
2011.02.24,4008.00,4023.00,3970.00,4004.00,12908
2011.02.25,4015.00,4083.00,4003.00,4072.00,7798
2011.02.28,4068.00,4130.00,4052.00,4108.00,8220
2011.03.01,4129.00,4144.00,4036.00,4042.00,11540
2011.03.02,4032.00,4052.00,4007.00,4030.00,12668
2011.03.03,4050.00,4096.00,4037.00,4075.00,11326
2011.03.04,4076.00,4090.00,3984.00,4008.00,12486
2011.03.07,3995.00,4048.00,3963.00,3977.00,13542
2011.03.08,3999.00,4022.00,3962.00,4013.00,12790
2011.03.09,4002.00,4033.00,3982.00,4000.00,12008
2011.03.10,3971.00,3978.00,3936.00,3950.00,14524
2011.03.11,3931.00,3953.00,3912.00,3943.00,12730
2011.03.14,3920.00,3936.00,3867.00,3893.00,16200
2011.03.15,3814.00,3818.00,3710.00,3790.00,23204
2011.03.16,3767.00,3800.00,3665.00,3668.00,23074
2011.03.17,3704.00,3796.00,3703.00,3770.00,18792
2011.03.18,3806.00,3861.00,3794.00,3805.00,14770
2011.03.21,3842.00,3906.00,3838.00,3902.00,10292
2011.03.22,3900.00,3926.00,3875.00,3891.00,9394
2011.03.23,3886.00,3923.00,3872.00,3918.00,6304
2011.03.24,3913.00,3981.00,3883.00,3979.00,11784
2011.03.25,3984.00,3990.00,3956.00,3966.00,7414
2011.03.28,3970.00,3991.00,3959.00,3963.00,7778
2011.03.29,3975.00,3997.00,3948.00,3996.00,4395
2011.03.30,4026.00,4040.00,4011.00,4031.00,4012
2011.03.31,4035.00,4037.00,3984.00,4007.00,3935
2011.04.01,4005.00,4057.00,4003.00,4038.00,4737
2011.04.04,4045.00,4058.00,4033.00,4042.00,3260
2011.04.05,4049.00,4050.00,4013.00,4041.00,3875
2011.04.06,4049.00,4066.00,4014.00,4053.00,4211
2011.04.07,4046.00,4070.00,4020.00,4044.00,5088
2011.04.08,4057.00,4067.00,4028.00,4040.00,4281
2011.04.11,4048.00,4054.00,4020.00,4031.00,4168
2011.04.12,4007.00,4018.00,3965.00,3982.00,4915
2011.04.13,3989.00,4028.00,3975.00,3988.00,4589
2011.04.14,3989.00,3994.00,3947.00,3979.00,4870
2011.04.15,3973.00,3983.00,3949.00,3973.00,4060
2011.04.18,3976.00,3976.00,3861.00,3899.00,6104
2011.04.19,3883.00,3928.00,3883.00,3921.00,4087
2011.04.20,3949.00,4009.00,3944.00,4002.00,4751
2011.04.21,3998.00,4033.00,3989.00,4019.00,3422
2011.04.26,4008.00,4050.00,4007.00,4044.00,3101
2011.04.27,4045.00,4101.00,4034.00,4096.00,3676
2011.04.28,4103.00,4112.00,4077.00,4111.00,3346
2011.04.29,4109.00,4113.00,4085.00,4109.00,1872
2011.05.02,4140.00,4147.00,4092.00,4097.00,2270
2011.05.03,4099.00,4106.00,4068.00,4083.00,3918
2011.05.04,4075.00,4115.00,4030.00,4045.00,5047
2011.05.05,4047.00,4051.00,3978.00,3996.00,6083
2011.05.06,4002.00,4064.00,3986.00,4012.00,6595
2011.05.09,4033.00,4057.00,3990.00,4020.00,5587
2011.05.10,4008.00,4072.00,4004.00,4065.00,4876
2011.05.11,4062.00,4074.00,4010.00,4028.00,4981
2011.05.12,4023.00,4047.00,3983.00,4038.00,5989
2011.05.13,4046.00,4065.00,3984.00,4011.00,6007
2011.05.16,3971.00,3999.00,3955.00,3966.00,6000
2011.05.17,3964.00,4002.00,3929.00,3963.00,6882
2011.05.18,3979.00,3996.00,3952.00,3995.00,4968
2011.05.19,3991.00,4047.00,3974.00,4044.00,5756
2011.05.20,4028.00,4050.00,3982.00,3989.00,6060
2011.05.23,3956.00,3957.00,3895.00,3907.00,6465
2011.05.24,3906.00,3933.00,3898.00,3905.00,5242
2011.05.25,3874.00,3940.00,3873.00,3924.00,5476
2011.05.26,3936.00,3952.00,3901.00,3949.00,5696
2011.05.27,3958.00,3978.00,3932.00,3939.00,5139
2011.05.30,3936.00,3962.00,3928.00,3946.00,944
2011.05.31,3974.00,4021.00,3969.00,4021.00,4706
2011.06.01,4028.00,4028.00,3917.00,3922.00,5868
2011.06.02,3921.00,3929.00,3884.00,3910.00,5266
2011.06.03,3902.00,3907.00,3844.00,3888.00,6195
2011.06.06,3876.00,3881.00,3836.00,3839.00,5609
2011.06.07,3851.00,3889.00,3851.00,3854.00,4978
2011.06.08,3851.00,3862.00,3816.00,3823.00,5987
2011.06.09,3829.00,3898.00,3820.00,3888.00,5263
2011.06.10,3873.00,3875.00,3789.00,3803.00,6488
2011.06.13,3800.00,3828.00,3780.00,3791.00,4680
2011.06.14,3821.00,3877.00,3819.00,3867.00,4578
2011.06.15,3855.00,3857.00,3767.00,3774.00,6030
2011.06.16,3772.00,3797.00,3742.00,3772.00,7470
2011.06.17,3763.00,3843.00,3739.00,3814.00,8119
2011.06.20,3782.00,3809.00,3746.00,3804.00,5423
2011.06.21,3814.00,3887.00,3814.00,3881.00,4664
2011.06.22,3869.00,3884.00,3852.00,3856.00,5462
2011.06.23,3844.00,3853.00,3771.00,3822.00,7376
2011.06.24,3846.00,3866.00,3771.00,3779.00,8144
2011.06.27,3777.00,3818.00,3765.00,3808.00,5170
2011.06.28,3807.00,3867.00,3803.00,3865.00,5749
2011.06.29,3866.00,3936.00,3862.00,3926.00,7870
2011.06.30,3944.00,3992.00,3925.00,3990.00,4850
2011.07.01,3984.00,4028.00,3966.00,4023.00,5505
2011.07.04,4007.00,4014.00,3995.00,3998.00,1950
2011.07.05,4002.00,4002.00,3973.00,3979.00,4941
2011.07.06,3998.00,3998.00,3940.00,3964.00,5612
2011.07.07,3987.00,4019.00,3959.00,3988.00,5128
2011.07.08,3992.00,4000.00,3906.00,3921.00,6851
2011.07.11,3893.00,3897.00,3777.00,3782.00,7291
2011.07.12,3765.00,3798.00,3678.00,3764.00,12348
2011.07.13,3774.00,3800.00,3737.00,3763.00,7872
2011.07.14,3751.00,3782.00,3719.00,3731.00,8646
2011.07.15,3736.00,3747.00,3705.00,3723.00,7757
2011.07.18,3705.00,3709.00,3629.00,3650.00,7294
2011.07.19,3662.00,3711.00,3650.00,3707.00,7003
2011.07.20,3712.00,3758.00,3706.00,3749.00,6493
2011.07.21,3755.00,3838.00,3709.00,3830.00,10106
2011.07.22,3846.00,3865.00,3814.00,3843.00,6758
2011.07.25,3807.00,3844.00,3804.00,3811.00,5928
2011.07.26,3817.00,3833.00,3765.00,3775.00,6421
2011.07.27,3776.00,3778.00,3691.00,3700.00,7207
2011.07.28,3697.00,3722.00,3668.00,3677.00,7798
2011.07.29,3654.00,3691.00,3621.00,3653.00,10109
2011.08.01,3712.00,3726.00,3564.00,3601.00,9631
2011.08.02,3586.00,3596.00,3480.00,3481.00,10887
2011.08.03,3483.00,3517.00,3428.00,3491.00,13610
2011.08.04,3483.00,3506.00,3240.00,3252.00,17734
2011.08.05,3250.00,3388.00,3204.00,3331.00,26261
2011.08.08,3193.00,3331.00,3013.00,3035.00,29491
2011.08.09,3035.00,3210.00,2974.00,3210.00,30495
2011.08.10,3193.00,3230.00,2986.00,2989.00,30225
2011.08.11,3070.00,3154.00,2887.00,3119.00,27044
2011.08.12,3087.00,3230.00,3011.00,3215.00,19884
2011.08.15,3240.00,3269.00,3197.00,3267.00,10974
2011.08.16,3243.00,3266.00,3159.00,3207.00,13253
2011.08.17,3215.00,3287.00,3178.00,3234.00,11715
2011.08.18,3213.00,3222.00,3035.00,3066.00,19074
2011.08.19,3043.00,3077.00,2945.00,2988.00,15880
2011.08.22,2986.00,3112.00,2975.00,3032.00,12562
2011.08.23,3074.00,3136.00,3049.00,3131.00,12275
2011.08.24,3102.00,3165.00,3072.00,3154.00,11276
2011.08.25,3143.00,3188.00,3084.00,3093.00,13785
2011.08.26,3120.00,3125.00,3010.00,3092.00,14203
2011.08.29,3129.00,3179.00,3115.00,3179.00,5875
2011.08.30,3178.00,3190.00,3125.00,3175.00,10578
2011.08.31,3176.00,3271.00,3160.00,3255.00,9520
2011.09.01,3256.00,3294.00,3204.00,3233.00,9685
2011.09.02,3213.00,3230.00,3118.00,3128.00,9161
2011.09.05,3090.00,3092.00,2975.00,2981.00,9277
2011.09.06,2971.00,3042.00,2940.00,3005.00,16506
2011.09.07,3025.00,3090.00,3013.00,3086.00,9636
2011.09.08,3072.00,3114.00,3041.00,3058.00,11240
2011.09.09,3058.00,3075.00,2939.00,2958.00,14675
2011.09.12,2898.00,2914.00,2817.00,2887.00,16032
2011.09.13,2888.00,2914.00,2764.00,2906.00,17615
2011.09.14,2846.00,2998.00,2828.00,2981.00,15058
2011.09.15,2972.00,3087.00,2951.00,3064.00,13228
2011.09.16,3068.00,3082.00,3007.00,3034.00,12135
2011.09.19,2956.00,2979.00,2920.00,2959.00,11605
2011.09.20,2929.00,2991.00,2909.00,2953.00,13003
2011.09.21,2961.00,2988.00,2884.00,2885.00,13566
2011.09.22,2865.00,2880.00,2742.00,2788.00,20302
2011.09.23,2795.00,2827.00,2691.00,2806.00,20484
2011.09.26,2776.00,2917.00,2736.00,2886.00,17796
2011.09.27,2932.00,3032.00,2915.00,2989.00,13005
2011.09.28,2972.00,3057.00,2946.00,2950.00,13865
2011.09.29,2978.00,3061.00,2973.00,3023.00,13742
2011.09.30,3012.00,3021.00,2946.00,2947.00,13888
2011.10.03,2891.00,2947.00,2866.00,2866.00,14229
2011.10.04,2878.00,2916.00,2807.00,2913.00,17008
2011.10.05,2901.00,3002.00,2885.00,3000.00,14018
2011.10.06,2990.00,3088.00,2989.00,3086.00,14943
2011.10.07,3073.00,3125.00,3051.00,3075.00,13870
2011.10.10,3123.00,3165.00,3093.00,3162.00,10149
2011.10.11,3158.00,3165.00,3113.00,3149.00,10554
2011.10.12,3137.00,3249.00,3118.00,3227.00,11178
2011.10.13,3219.00,3251.00,3166.00,3211.00,12184
2011.10.14,3213.00,3249.00,3177.00,3230.00,10390
2011.10.17,3246.00,3265.00,3136.00,3139.00,10539
2011.10.18,3134.00,3196.00,3086.00,3176.00,11817
2011.10.19,3165.00,3182.00,3117.00,3120.00,11594
2011.10.20,3105.00,3147.00,3069.00,3101.00,13392
2011.10.21,3119.00,3175.00,3090.00,3171.00,10067
2011.10.24,3193.00,3225.00,3153.00,3217.00,8954
2011.10.25,3196.00,3228.00,3146.00,3147.00,11141
2011.10.26,3165.00,3228.00,3145.00,3208.00,11540
2011.10.27,3265.00,3412.00,3254.00,3397.00,11356
2011.10.28,3390.00,3411.00,3332.00,3349.00,10208
2011.10.31,3319.00,3327.00,3227.00,3227.00,9301
2011.11.01,3170.00,3171.00,3055.00,3072.00,14942
2011.11.02,3119.00,3134.00,3047.00,3104.00,12044
2011.11.03,3035.00,3224.00,3012.00,3215.00,17136
2011.11.04,3217.00,3228.00,3111.00,3128.00,12530
2011.11.07,3131.00,3143.00,3051.00,3130.00,11613
2011.11.08,3116.00,3199.00,3099.00,3187.00,10754
2011.11.09,3189.00,3190.00,3025.00,3031.00,15860
2011.11.10,3015.00,3122.00,2993.00,3065.00,14303
2011.11.11,3078.00,3155.00,3054.00,3148.00,9626
2011.11.14,3167.00,3178.00,3081.00,3092.00,10617
2011.11.15,3087.00,3097.00,3028.00,3064.00,10987
2011.11.16,3020.00,3102.00,3017.00,3028.00,11638
2011.11.17,3045.00,3064.00,2965.00,2976.00,13564
2011.11.18,2971.00,3026.00,2971.00,2989.00,10774
2011.11.21,2966.00,2986.00,2886.00,2913.00,10816
2011.11.22,2924.00,2942.00,2863.00,2876.00,9443
2011.11.23,2838.00,2881.00,2814.00,2814.00,10707
2011.11.24,2831.00,2876.00,2804.00,2825.00,6496
2011.11.25,2815.00,2871.00,2791.00,2830.00,8790
2011.11.28,2898.00,3012.00,2889.00,2999.00,8506
2011.11.29,3013.00,3046.00,2972.00,3010.00,9948
2011.11.30,2988.00,3171.00,2975.00,3170.00,12299
2011.12.01,3168.00,3172.00,3117.00,3141.00,9428
2011.12.02,3156.00,3201.00,3143.00,3154.00,10299
2011.12.05,3180.00,3215.00,3175.00,3190.00,8613
2011.12.06,3172.00,3208.00,3164.00,3190.00,8165
2011.12.07,3208.00,3244.00,3128.00,3209.00,9788
2011.12.08,3211.00,3222.00,3065.00,3069.00,12447
2011.12.09,3056.00,3185.00,3051.00,3179.00,10940
2011.12.12,3164.00,3164.00,3074.00,3092.00,9474
2011.12.13,3098.00,3112.00,3032.00,3046.00,9977
2011.12.14,3054.00,3074.00,2974.00,2981.00,10509
2011.12.15,2965.00,3021.00,2964.00,2984.00,8682
2011.12.16,3007.00,3023.00,2948.00,2957.00,8788
2011.12.19,2930.00,3009.00,2930.00,2950.00,7219
2011.12.20,2969.00,3068.00,2956.00,3062.00,6520
2011.12.21,3067.00,3121.00,3018.00,3046.00,8944
2011.12.22,3042.00,3087.00,3041.00,3086.00,6203
2011.12.23,3104.00,3112.00,3085.00,3107.00,3147
2011.12.27,3118.00,3130.00,3095.00,3097.00,2737
2011.12.28,3087.00,3130.00,3060.00,3070.00,5206
2011.12.29,3080.00,3147.00,3064.00,3144.00,5236
2011.12.30,3142.00,3164.00,3119.00,3155.00,3802
2012.01.02,3140.00,3222.00,3140.00,3210.00,3355
2012.01.03,3224.00,3246.00,3192.00,3229.00,8367
2012.01.04,3225.00,3243.00,3186.00,3199.00,5792
2012.01.05,3195.00,3202.00,3136.00,3164.00,7009
2012.01.06,3149.00,3184.00,3121.00,3121.00,6298
2012.01.09,3123.00,3157.00,3112.00,3140.00,6886
2012.01.10,3163.00,3219.00,3155.00,3203.00,6366
2012.01.11,3199.00,3235.00,3180.00,3220.00,6266
2012.01.12,3221.00,3253.00,3188.00,3209.00,6236
2012.01.13,3224.00,3243.00,3150.00,3189.00,7940
2012.01.16,3173.00,3230.00,3161.00,3220.00,4868
2012.01.17,3248.00,3292.00,3242.00,3252.00,6347
2012.01.18,3258.00,3299.00,3235.00,3289.00,6720
2012.01.19,3290.00,3330.00,3271.00,3325.00,6115
2012.01.20,3329.00,3338.00,3302.00,3334.00,6629
2012.01.23,3326.00,3352.00,3312.00,3337.00,5964
2012.01.24,3329.00,3331.00,3290.00,3321.00,6151
2012.01.25,3338.00,3348.00,3283.00,3335.00,6289
2012.01.26,3334.00,3368.00,3321.00,3349.00,6354
2012.01.27,3351.00,3367.00,3308.00,3316.00,6383
2012.01.30,3296.00,3300.00,3257.00,3280.00,5390
2012.01.31,3286.00,3324.00,3286.00,3315.00,5775
2012.02.01,3307.00,3373.00,3305.00,3358.00,6060
2012.02.02,3366.00,3399.00,3355.00,3376.00,5029
2012.02.03,3377.00,3428.00,3360.00,3427.00,5239
2012.02.06,3412.00,3413.00,3379.00,3402.00,4968
2012.02.07,3395.00,3420.00,3377.00,3413.00,4977
2012.02.08,3422.00,3438.00,3407.00,3431.00,4339
2012.02.09,3424.00,3448.00,3410.00,3432.00,5969
2012.02.10,3407.00,3409.00,3360.00,3372.00,5564
2012.02.13,3398.00,3420.00,3364.00,3386.00,4352
2012.02.14,3373.00,3399.00,3353.00,3371.00,4471
2012.02.15,3404.00,3417.00,3368.00,3370.00,6109
2012.02.16,3351.00,3419.00,3349.00,3416.00,5522
2012.02.17,3420.00,3451.00,3419.00,3450.00,4144
2012.02.20,3466.00,3480.00,3452.00,3479.00,2934
2012.02.21,3475.00,3478.00,3439.00,3452.00,4140
2012.02.22,3462.00,3477.00,3440.00,3441.00,4160
2012.02.23,3444.00,3469.00,3424.00,3454.00,4465
2012.02.24,3463.00,3475.00,3451.00,3460.00,3477
2012.02.27,3448.00,3453.00,3411.00,3442.00,3986
2012.02.28,3456.00,3462.00,3424.00,3454.00,4364
2012.02.29,3461.00,3490.00,3446.00,3458.00,9858
2012.03.01,3444.00,3512.00,3431.00,3510.00,9163
2012.03.02,3509.00,3513.00,3489.00,3498.00,6006
2012.03.05,3487.00,3499.00,3462.00,3495.00,6123
2012.03.06,3483.00,3483.00,3342.00,3349.00,4903
2012.03.07,3358.00,3396.00,3357.00,3396.00,3805
2012.03.08,3404.00,3493.00,3403.00,3487.00,4604
2012.03.09,3483.00,3507.00,3463.00,3487.00,4647
2012.03.12,3476.00,3500.00,3466.00,3499.00,3620
2012.03.13,3517.00,3572.00,3508.00,3572.00,4367
2012.03.14,3563.00,3585.00,3555.00,3562.00,4457
2012.03.15,3559.00,3580.00,3552.00,3580.00,4993
2012.03.16,3574.00,3598.00,3571.00,3594.00,3963
2012.03.19,3592.00,3592.00,3561.00,3576.00,3185
2012.03.20,3569.00,3569.00,3522.00,3542.00,3385
2012.03.21,3546.00,3564.00,3502.00,3520.00,3091
2012.03.22,3518.00,3527.00,3455.00,3468.00,4749
2012.03.23,3476.00,3490.00,3430.00,3482.00,4097
2012.03.26,3493.00,3514.00,3456.00,3512.00,3840
2012.03.27,3519.00,3535.00,3454.00,3460.00,3418
2012.03.28,3451.00,3484.00,3407.00,3424.00,4366
2012.03.29,3421.00,3434.00,3372.00,3399.00,4736
2012.03.30,3403.00,3430.00,3394.00,3421.00,4188
2012.04.02,3428.00,3475.00,3395.00,3464.00,8396
2012.04.03,3467.00,3472.00,3375.00,3394.00,8119
2012.04.04,3382.00,3393.00,3307.00,3324.00,10078
2012.04.05,3323.00,3337.00,3275.00,3301.00,8541
2012.04.10,3255.00,3292.00,3183.00,3186.00,9582
2012.04.11,3198.00,3271.00,3197.00,3223.00,9804
2012.04.12,3233.00,3277.00,3207.00,3269.00,10793
2012.04.13,3267.00,3267.00,3178.00,3193.00,11452
2012.04.16,3196.00,3246.00,3173.00,3206.00,6635
2012.04.17,3195.00,3298.00,3193.00,3296.00,5282
2012.04.18,3293.00,3295.00,3225.00,3236.00,5545
2012.04.19,3243.00,3282.00,3146.00,3162.00,9190
2012.04.20,3170.00,3202.00,3154.00,3172.00,6908
2012.04.23,3170.00,3170.00,3086.00,3106.00,12106
2012.04.24,3107.00,3176.00,3105.00,3152.00,9380
2012.04.25,3163.00,3254.00,3159.00,3231.00,10105
2012.04.26,3229.00,3257.00,3188.00,3239.00,9348
2012.04.27,3203.00,3281.00,3168.00,3260.00,11995
2012.04.30,3270.00,3279.00,3201.00,3217.00,9559
2012.05.02,3237.00,3266.00,3205.00,3243.00,11576
2012.05.03,3236.00,3273.00,3206.00,3214.00,11858
2012.05.04,3201.00,3230.00,3153.00,3161.00,6942
2012.05.07,3095.00,3219.00,3093.00,3215.00,4848
2012.05.08,3206.00,3208.00,3109.00,3155.00,7076
2012.05.09,3140.00,3146.00,3074.00,3118.00,8508
2012.05.10,3117.00,3145.00,3071.00,3125.00,7659
2012.05.11,3093.00,3134.00,3075.00,3105.00,7149
2012.05.14,3093.00,3100.00,3036.00,3047.00,6391
2012.05.15,3066.00,3098.00,3018.00,3027.00,7496
2012.05.16,3009.00,3081.00,2997.00,3026.00,8876
2012.05.17,3054.00,3061.00,2992.00,2993.00,8528
2012.05.18,2976.00,3032.00,2970.00,2978.00,8014
2012.05.21,2999.00,3045.00,2983.00,3044.00,6587
2012.05.22,3046.00,3093.00,3029.00,3054.00,6206
2012.05.23,3041.00,3053.00,2993.00,3042.00,7933
2012.05.24,3034.00,3053.00,2985.00,3031.00,8064
2012.05.25,3028.00,3070.00,3015.00,3040.00,6307
2012.05.28,3074.00,3088.00,3032.00,3046.00,3760
2012.05.29,3060.00,3100.00,3035.00,3082.00,6175
2012.05.30,3064.00,3081.00,3005.00,3017.00,7799
2012.05.31,3027.00,3050.00,2985.00,3038.00,7714
2012.06.01,3032.00,3032.00,2922.00,2947.00,8713
2012.06.04,2928.00,2987.00,2916.00,2964.00,6119
2012.06.05,2974.00,3000.00,2956.00,2996.00,5533
2012.06.06,3010.00,3079.00,2999.00,3078.00,7267
2012.06.07,3081.00,3105.00,3052.00,3062.00,6812
2012.06.08,3034.00,3067.00,3015.00,3061.00,6164
2012.06.11,3112.00,3124.00,3027.00,3028.00,6889
2012.06.12,3039.00,3070.00,3014.00,3064.00,6854
2012.06.13,3058.00,3073.00,3009.00,3014.00,6413
2012.06.14,3030.00,3048.00,2993.00,3039.00,7568
2012.06.15,3043.00,3096.00,3042.00,3095.00,7275
2012.06.18,3119.00,3134.00,3054.00,3070.00,7248
2012.06.19,3073.00,3128.00,3052.00,3114.00,6001
2012.06.20,3110.00,3138.00,3098.00,3126.00,5999
2012.06.21,3112.00,3153.00,3079.00,3080.00,6149
2012.06.22,3094.00,3114.00,3074.00,3100.00,5224
2012.06.25,3092.00,3092.00,3006.00,3022.00,5211
2012.06.26,3031.00,3035.00,3003.00,3022.00,5156
2012.06.27,3026.00,3073.00,3008.00,3066.00,4544
2012.06.28,3071.00,3073.00,3018.00,3071.00,6289
2012.06.29,3136.00,3206.00,3111.00,3205.00,7147
2012.07.02,3204.00,3254.00,3191.00,3253.00,5461
2012.07.03,3254.00,3276.00,3241.00,3270.00,4020
2012.07.04,3269.00,3273.00,3245.00,3268.00,3152
2012.07.05,3261.00,3288.00,3209.00,3217.00,6520
2012.07.06,3211.00,3227.00,3166.00,3179.00,5140
2012.07.09,3172.00,3176.00,3138.00,3167.00,4477
2012.07.10,3158.00,3205.00,3150.00,3159.00,5537
2012.07.11,3161.00,3179.00,3142.00,3160.00,5030
2012.07.12,3144.00,3160.00,3117.00,3146.00,4688
2012.07.13,3153.00,3186.00,3136.00,3180.00,4112
2012.07.16,3177.00,3184.00,3154.00,3176.00,3187
2012.07.17,3189.00,3204.00,3165.00,3198.00,4323
2012.07.18,3193.00,3246.00,3190.00,3241.00,3964
2012.07.19,3246.00,3271.00,3237.00,3262.00,4180
2012.07.20,3253.00,3262.00,3191.00,3196.00,4579
2012.07.23,3151.00,3166.00,3086.00,3115.00,6389
2012.07.24,3116.00,3120.00,3049.00,3070.00,5807
2012.07.25,3061.00,3113.00,3060.00,3080.00,5882
2012.07.26,3085.00,3212.00,3070.00,3207.00,7797
2012.07.27,3218.00,3338.00,3192.00,3322.00,7394
2012.07.30,3309.00,3331.00,3288.00,3313.00,6244
2012.07.31,3329.00,3335.00,3282.00,3285.00,5971
2012.08.01,3291.00,3329.00,3289.00,3316.00,5646
2012.08.02,3322.00,3376.00,3205.00,3228.00,9819
2012.08.03,3237.00,3381.00,3232.00,3369.00,7684
2012.08.06,3373.00,3417.00,3357.00,3395.00,4802
2012.08.07,3397.00,3467.00,3395.00,3453.00,5055
2012.08.08,3450.00,3453.00,3418.00,3438.00,4547
2012.08.09,3457.00,3470.00,3419.00,3451.00,4925
2012.08.10,3438.00,3450.00,3412.00,3448.00,4264
2012.08.13,3434.00,3453.00,3408.00,3430.00,4183
2012.08.14,3444.00,3459.00,3431.00,3441.00,4142
2012.08.15,3432.00,3462.00,3423.00,3446.00,5346
2012.08.16,3456.00,3496.00,3437.00,3488.00,3311
2012.08.17,3492.00,3500.00,3475.00,3491.00,3681
2012.08.20,3488.00,3505.00,3458.00,3488.00,3519
2012.08.21,3489.00,3523.00,3487.00,3497.00,4017
2012.08.22,3491.00,3501.00,3458.00,3475.00,4205
2012.08.23,3490.00,3496.00,3414.00,3423.00,4393
2012.08.24,3427.00,3442.00,3395.00,3426.00,3986
2012.08.27,3429.00,3463.00,3413.00,3449.00,2706
2012.08.28,3443.00,3456.00,3419.00,3433.00,3889
2012.08.29,3435.00,3441.00,3402.00,3413.00,3256
2012.08.30,3400.00,3413.00,3371.00,3380.00,3114
2012.08.31,3381.00,3434.00,3372.00,3400.00,4790
2012.09.03,3389.00,3460.00,3389.00,3453.00,2684
2012.09.04,3448.00,3459.00,3391.00,3410.00,3684
2012.09.05,3400.00,3427.00,3371.00,3403.00,4735
2012.09.06,3411.00,3513.00,3409.00,3508.00,5701
2012.09.07,3509.00,3562.00,3508.00,3521.00,5542
2012.09.10,3510.00,3528.00,3489.00,3491.00,3102
2012.09.11,3490.00,3539.00,3478.00,3532.00,3815
2012.09.12,3536.00,3576.00,3523.00,3542.00,5668
2012.09.13,3544.00,3556.00,3489.00,3543.00,4520
2012.09.14,3564.00,3588.00,3554.00,3572.00,5496
2012.09.17,3569.00,3574.00,3541.00,3546.00,3525
2012.09.18,3547.00,3547.00,3500.00,3515.00,4480
2012.09.19,3532.00,3540.00,3502.00,3530.00,3890
2012.09.20,3512.00,3522.00,3485.00,3516.00,4245
2012.09.21,3534.00,3540.00,3503.00,3522.00,4914
2012.09.24,3502.00,3513.00,3482.00,3504.00,3389
2012.09.25,3503.00,3521.00,3472.00,3473.00,3711
2012.09.26,3477.00,3483.00,3414.00,3420.00,4200
2012.09.27,3442.00,3468.00,3420.00,3457.00,4096
2012.09.28,3464.00,3466.00,3350.00,3357.00,4737
2012.10.01,3342.00,3438.00,3341.00,3405.00,5137
2012.10.02,3408.00,3450.00,3391.00,3410.00,4821
2012.10.03,3401.00,3420.00,3386.00,3399.00,4712
2012.10.04,3417.00,3432.00,3385.00,3414.00,4758
2012.10.05,3419.00,3461.00,3409.00,3433.00,3816
2012.10.08,3426.00,3434.00,3400.00,3415.00,3453
2012.10.09,3425.00,3426.00,3370.00,3370.00,4345
2012.10.10,3370.00,3386.00,3350.00,3356.00,4196
2012.10.11,3355.00,3423.00,3349.00,3392.00,4160
2012.10.12,3398.00,3418.00,3382.00,3392.00,5013
2012.10.15,3386.00,3439.00,3379.00,3435.00,4212
2012.10.16,3442.00,3513.00,3428.00,3510.00,4395
2012.10.17,3508.00,3530.00,3493.00,3525.00,4214
2012.10.18,3533.00,3542.00,3507.00,3530.00,4496
2012.10.19,3529.00,3538.00,3479.00,3485.00,4729
2012.10.22,3495.00,3519.00,3470.00,3492.00,3995
2012.10.23,3485.00,3491.00,3388.00,3417.00,5095
2012.10.24,3428.00,3433.00,3387.00,3415.00,5115
2012.10.25,3433.00,3456.00,3398.00,3412.00,4382
2012.10.26,3379.00,3447.00,3379.00,3437.00,5215
2012.10.29,3427.00,3428.00,3393.00,3407.00,2434
2012.10.30,3404.00,3463.00,3403.00,3459.00,2265
2012.10.31,3453.00,3484.00,3418.00,3432.00,4477
2012.11.01,3426.00,3483.00,3412.00,3478.00,3980
2012.11.02,3477.00,3502.00,3455.00,3472.00,4484
2012.11.05,3467.00,3474.00,3441.00,3453.00,3612
2012.11.06,3459.00,3493.00,3445.00,3485.00,3294
2012.11.07,3490.00,3516.00,3405.00,3427.00,5918
2012.11.08,3426.00,3439.00,3396.00,3397.00,5523
2012.11.09,3414.00,3433.00,3371.00,3416.00,6053
2012.11.12,3423.00,3430.00,3403.00,3417.00,3882
2012.11.13,3397.00,3434.00,3372.00,3406.00,5412
2012.11.14,3417.00,3437.00,3364.00,3371.00,5423
2012.11.15,3372.00,3401.00,3364.00,3377.00,5288
2012.11.16,3373.00,3392.00,3338.00,3358.00,6451
2012.11.19,3375.00,3445.00,3368.00,3439.00,3857
2012.11.20,3431.00,3468.00,3415.00,3463.00,4281
2012.11.21,3446.00,3482.00,3442.00,3475.00,3685
2012.11.22,3486.00,3497.00,3478.00,3496.00,1636
2012.11.23,3500.00,3528.00,3480.00,3525.00,2792
2012.11.26,3518.00,3524.00,3492.00,3510.00,3014
2012.11.27,3524.00,3530.00,3489.00,3492.00,3667
2012.11.28,3487.00,3538.00,3477.00,3532.00,4172
2012.11.29,3540.00,3569.00,3531.00,3564.00,4288
2012.11.30,3561.00,3585.00,3556.00,3567.00,3792
2012.12.03,3569.00,3604.00,3558.00,3563.00,4017
2012.12.04,3564.00,3597.00,3562.00,3585.00,3737
2012.12.05,3603.00,3619.00,3574.00,3608.00,4161
2012.12.06,3605.00,3622.00,3584.00,3615.00,4889
2012.12.07,3612.00,3622.00,3588.00,3616.00,4658
2012.12.10,3602.00,3622.00,3575.00,3619.00,3390
2012.12.11,3616.00,3648.00,3607.00,3645.00,3423
2012.12.12,3646.00,3667.00,3635.00,3644.00,3622
2012.12.13,3645.00,3659.00,3627.00,3637.00,3628
2012.12.14,3642.00,3653.00,3631.00,3638.00,3246
2012.12.17,3637.00,3645.00,3609.00,3644.00,3339
2012.12.18,3651.00,3661.00,3630.00,3660.00,3166
2012.12.19,3659.00,3670.00,3649.00,3659.00,3550
2012.12.20,3654.00,3684.00,3651.00,3681.00,3199
2012.12.21,3652.00,3682.00,3637.00,3676.00,4367
2012.12.24,3671.00,3677.00,3649.00,3651.00,820
2012.12.27,3655.00,3684.00,3655.00,3679.00,3021
2012.12.28,3677.00,3683.00,3609.00,3616.00,2617
2012.12.31,3612.00,3655.00,3583.00,3637.00,1101
2013.01.02,3699.00,3728.00,3690.00,3727.00,4033
2013.01.03,3719.00,3726.00,3702.00,3709.00,2959
2013.01.04,3708.00,3737.00,3694.00,3731.00,3668
2013.01.07,3723.00,3730.00,3694.00,3706.00,2693
2013.01.08,3692.00,3730.00,3688.00,3712.00,3128
2013.01.09,3717.00,3728.00,3702.00,3707.00,2902
2013.01.10,3719.00,3726.00,3692.00,3713.00,3547
2013.01.11,3712.00,3714.00,3682.00,3709.00,3888
2013.01.14,3718.00,3730.00,3702.00,3712.00,3247
2013.01.15,3703.00,3717.00,3687.00,3710.00,4024
2013.01.16,3701.00,3715.00,3679.00,3704.00,3607
2013.01.17,3700.00,3754.00,3699.00,3740.00,3764
2013.01.18,3741.00,3761.00,3735.00,3752.00,3532
2013.01.21,3747.00,3765.00,3738.00,3763.00,1321
2013.01.22,3757.00,3763.00,3724.00,3752.00,3792
2013.01.23,3749.00,3753.00,3713.00,3734.00,3009
2013.01.24,3727.00,3753.00,3710.00,3744.00,3249
2013.01.25,3746.00,3788.00,3744.00,3787.00,4333
2013.01.28,3786.00,3789.00,3770.00,3786.00,2866
2013.01.29,3788.00,3791.00,3763.00,3790.00,2814
2013.01.30,3786.00,3794.00,3758.00,3760.00,3710
2013.01.31,3757.00,3762.00,3722.00,3728.00,3595
2013.02.01,3739.00,3786.00,3731.00,3780.00,4135
2013.02.04,3777.00,3779.00,3643.00,3656.00,4483
2013.02.05,3653.00,3711.00,3652.00,3688.00,3873
2013.02.06,3699.00,3707.00,3622.00,3652.00,5107
2013.02.07,3643.00,3659.00,3592.00,3611.00,5061
2013.02.08,3619.00,3656.00,3607.00,3650.00,3579
2013.02.11,3648.00,3676.00,3634.00,3648.00,3268
2013.02.12,3642.00,3691.00,3638.00,3678.00,3744
2013.02.13,3679.00,3709.00,3672.00,3697.00,3791
2013.02.14,3692.00,3709.00,3656.00,3678.00,4336
2013.02.15,3673.00,3694.00,3643.00,3654.00,4256
2013.02.18,3664.00,3672.00,3639.00,3668.00,2115
2013.02.19,3667.00,3741.00,3659.00,3734.00,3841
2013.02.20,3736.00,3743.00,3692.00,3693.00,3794
2013.02.21,3683.00,3689.00,3621.00,3631.00,5908
2013.02.22,3645.00,3726.00,3640.00,3725.00,4447
2013.02.25,3726.00,3788.00,3606.00,3613.00,8741
2013.02.26,3610.00,3667.00,3598.00,3638.00,8648
2013.02.27,3632.00,3717.00,3618.00,3707.00,6102
2013.02.28,3708.00,3740.00,3684.00,3717.00,5171
2013.03.01,3710.00,3732.00,3660.00,3703.00,6529
2013.03.04,3714.00,3732.00,3695.00,3731.00,2143
2013.03.05,3736.00,3794.00,3728.00,3774.00,5013
2013.03.06,3777.00,3809.00,3766.00,3784.00,4235
2013.03.07,3779.00,3803.00,3774.00,3800.00,4115
2013.03.08,3803.00,3850.00,3803.00,3840.00,4943
2013.03.11,3838.00,3842.00,3817.00,3837.00,3194
2013.03.12,3828.00,3856.00,3822.00,3831.00,4158
2013.03.13,3841.00,3848.00,3816.00,3842.00,3586
2013.03.14,3845.00,3869.00,3844.00,3862.00,2601
2013.03.15,3871.00,3875.00,3826.00,3835.00,3556
2013.03.18,3750.00,3831.00,3750.00,3817.00,5184
2013.03.19,3812.00,3818.00,3760.00,3782.00,4766
2013.03.20,3787.00,3834.00,3784.00,3825.00,4849
2013.03.21,3817.00,3825.00,3754.00,3765.00,5022
2013.03.22,3758.00,3790.00,3747.00,3784.00,4606
2013.03.25,3821.00,3835.00,3703.00,3723.00,6434
2013.03.26,3740.00,3764.00,3727.00,3758.00,5230
2013.03.27,3760.00,3767.00,3666.00,3720.00,6192
2013.03.28,3708.00,3749.00,3692.00,3735.00,4948
2013.04.02,3719.00,3809.00,3716.00,3775.00,4892
2013.04.03,3776.00,3804.00,3741.00,3749.00,4805
2013.04.04,3759.00,3793.00,3715.00,3731.00,6548
2013.04.05,3716.00,3735.00,3636.00,3678.00,7242
2013.04.08,3666.00,3694.00,3661.00,3684.00,3886
2013.04.09,3690.00,3701.00,3654.00,3682.00,4272
2013.04.10,3681.00,3750.00,3679.00,3740.00,4611
2013.04.11,3741.00,3788.00,3735.00,3767.00,4752
2013.04.12,3762.00,3773.00,3717.00,3751.00,5428
2013.04.15,3735.00,3748.00,3674.00,3678.00,6745
2013.04.16,3692.00,3722.00,3675.00,3700.00,5412
2013.04.17,3694.00,3711.00,3590.00,3617.00,12502
2013.04.18,3612.00,3686.00,3583.00,3600.00,6103
2013.04.19,3616.00,3658.00,3612.00,3650.00,5887
2013.04.22,3666.00,3681.00,3629.00,3668.00,6302
2013.04.23,3656.00,3793.00,3645.00,3787.00,7002
2013.04.24,3790.00,3848.00,3781.00,3838.00,5773
2013.04.25,3839.00,3854.00,3821.00,3823.00,5076
2013.04.26,3827.00,3832.00,3788.00,3816.00,4641
2013.04.29,3820.00,3889.00,3820.00,3879.00,4205
2013.04.30,3881.00,3888.00,3842.00,3855.00,4461
2013.05.02,3841.00,3888.00,3818.00,3870.00,6043
2013.05.03,3866.00,3917.00,3847.00,3909.00,4704
2013.05.06,3912.00,3915.00,3896.00,3914.00,1897
2013.05.07,3910.00,3939.00,3904.00,3929.00,3652
2013.05.08,3930.00,3966.00,3916.00,3964.00,4349
2013.05.09,3932.00,3940.00,3907.00,3924.00,4176
2013.05.10,3932.00,3971.00,3929.00,3962.00,5286
2013.05.13,3952.00,3960.00,3931.00,3952.00,3987
2013.05.14,3951.00,3969.00,3920.00,3966.00,4559
2013.05.15,3958.00,3988.00,3948.00,3984.00,4419
2013.05.16,3973.00,3983.00,3956.00,3963.00,4240
2013.05.17,3962.00,4026.00,3960.00,4019.00,5476
2013.05.20,4014.00,4025.00,3991.00,4014.00,3550
2013.05.21,4001.00,4042.00,3988.00,4032.00,4697
2013.05.22,4031.00,4057.00,3993.00,4007.00,7171
2013.05.23,3978.00,3991.00,3938.00,3981.00,8993
2013.05.24,3983.00,3996.00,3940.00,3974.00,6439
2013.05.27,3981.00,3998.00,3976.00,3998.00,1697
2013.05.28,4003.00,4073.00,4003.00,4045.00,7819
2013.05.29,4033.00,4037.00,3970.00,3994.00,11788
2013.05.30,3975.00,4019.00,3962.00,3997.00,11085
2013.05.31,4002.00,4003.00,3930.00,3930.00,12656
2013.06.03,3935.00,3981.00,3890.00,3943.00,7872
2013.06.04,3947.00,3964.00,3894.00,3910.00,6471
2013.06.05,3894.00,3917.00,3842.00,3843.00,7807
2013.06.06,3848.00,3878.00,3786.00,3828.00,8019
2013.06.07,3819.00,3889.00,3799.00,3867.00,7587
2013.06.10,3864.00,3885.00,3850.00,3854.00,5758
2013.06.11,3852.00,3856.00,3779.00,3791.00,7595
2013.06.12,3806.00,3836.00,3773.00,3779.00,6745
2013.06.13,3735.00,3826.00,3728.00,3823.00,8118
2013.06.14,3810.00,3830.00,3777.00,3791.00,6196
2013.06.17,3809.00,3882.00,3809.00,3847.00,5862
2013.06.18,3854.00,3869.00,3834.00,3850.00,6222
2013.06.19,3860.00,3868.00,3810.00,3810.00,6918
2013.06.20,3778.00,3786.00,3672.00,3685.00,8414
2013.06.21,3705.00,3741.00,3649.00,3681.00,9493
2013.06.24,3644.00,3666.00,3571.00,3615.00,10034
2013.06.25,3605.00,3668.00,3604.00,3661.00,7388
2013.06.26,3651.00,3732.00,3635.00,3727.00,6449
2013.06.27,3725.00,3780.00,3701.00,3755.00,5845
2013.06.28,3761.00,3775.00,3719.00,3732.00,6875
2013.07.01,3736.00,3786.00,3722.00,3751.00,6219
2013.07.02,3761.00,3773.00,3704.00,3725.00,5789
2013.07.03,3718.00,3721.00,3667.00,3708.00,6023
2013.07.04,3717.00,3810.00,3717.00,3805.00,4810
2013.07.05,3812.00,3836.00,3750.00,3784.00,7469
2013.07.08,3780.00,3842.00,3775.00,3818.00,5310
2013.07.09,3838.00,3859.00,3831.00,3850.00,4723
2013.07.10,3839.00,3855.00,3811.00,3842.00,5501
2013.07.11,3891.00,3901.00,3855.00,3880.00,5351
2013.07.12,3875.00,3887.00,3845.00,3859.00,4154
2013.07.15,3867.00,3894.00,3863.00,3876.00,3850
2013.07.16,3878.00,3886.00,3845.00,3848.00,4165
2013.07.17,3855.00,3884.00,3820.00,3869.00,5539
2013.07.18,3863.00,3931.00,3856.00,3925.00,4330
2013.07.19,3911.00,3926.00,3900.00,3921.00,4370
2013.07.22,3931.00,3946.00,3915.00,3940.00,3322
2013.07.23,3952.00,3959.00,3923.00,3931.00,4078
2013.07.24,3927.00,3977.00,3927.00,3966.00,4762
2013.07.25,3968.00,3981.00,3920.00,3979.00,5183
2013.07.26,3977.00,4003.00,3960.00,3992.00,4767
2013.07.29,3982.00,4001.00,3962.00,3975.00,3994
2013.07.30,3981.00,3998.00,3965.00,3979.00,4150
2013.07.31,3983.00,4006.00,3963.00,3980.00,5306
2013.08.01,4000.00,4064.00,3992.00,4056.00,5001
2013.08.02,4058.00,4060.00,4025.00,4051.00,3808
2013.08.05,4049.00,4060.00,4037.00,4050.00,2863
2013.08.06,4047.00,4063.00,4011.00,4029.00,3241
2013.08.07,4016.00,4044.00,4008.00,4039.00,4121
2013.08.08,4044.00,4075.00,4031.00,4070.00,4010
2013.08.09,4071.00,4089.00,4047.00,4083.00,4333
2013.08.12,4086.00,4089.00,4046.00,4069.00,4815
2013.08.13,4085.00,4105.00,4072.00,4100.00,4199
2013.08.14,4097.00,4124.00,4089.00,4116.00,4760
2013.08.15,4109.00,4112.00,4053.00,4092.00,6367
2013.08.16,4090.00,4125.00,4076.00,4114.00,5036
2013.08.19,4115.00,4123.00,4068.00,4073.00,4526
2013.08.20,4060.00,4068.00,4004.00,4037.00,5430
2013.08.21,4038.00,4048.00,4006.00,4020.00,5387
2013.08.22,4009.00,4072.00,4009.00,4063.00,4422
2013.08.23,4058.00,4079.00,4023.00,4076.00,4468
2013.08.26,4077.00,4077.00,4037.00,4054.00,2675
2013.08.27,4044.00,4063.00,3944.00,3949.00,7322
2013.08.28,3957.00,3975.00,3933.00,3956.00,5586
2013.08.29,3953.00,3990.00,3949.00,3972.00,5304
2013.08.30,3985.00,3988.00,3920.00,3928.00,5858
2013.09.02,3995.00,4013.00,3991.00,3992.00,2419
2013.09.03,4000.00,4008.00,3949.00,3974.00,8093
2013.09.04,3986.00,3988.00,3925.00,3979.00,7694
2013.09.05,3988.00,4008.00,3964.00,4006.00,7534
2013.09.06,3996.00,4049.00,3983.00,4037.00,8595
2013.09.09,4046.00,4056.00,4021.00,4049.00,4556
2013.09.10,4061.00,4119.00,4059.00,4113.00,5448
2013.09.11,4115.00,4123.00,4099.00,4122.00,4369
2013.09.12,4121.00,4124.00,4093.00,4101.00,4626
2013.09.13,4100.00,4120.00,4094.00,4117.00,3896
2013.09.16,4156.00,4163.00,4136.00,4145.00,4364
2013.09.17,4143.00,4155.00,4130.00,4152.00,3636
2013.09.18,4155.00,4234.00,4133.00,4228.00,5328
2013.09.19,4225.00,4229.00,4187.00,4202.00,3234
2013.09.20,4203.00,4218.00,4191.00,4191.00,5152
2013.09.23,4203.00,4218.00,4162.00,4182.00,5136
2013.09.24,4181.00,4206.00,4174.00,4190.00,4335
2013.09.25,4189.00,4203.00,4171.00,4185.00,5155
2013.09.26,4195.00,4204.00,4170.00,4193.00,4204
2013.09.27,4189.00,4201.00,4163.00,4188.00,4903
2013.09.30,4146.00,4153.00,4119.00,4145.00,6503
2013.10.01,4152.00,4197.00,4147.00,4189.00,5233
2013.10.02,4180.00,4181.00,4135.00,4167.00,5680
2013.10.03,4162.00,4167.00,4110.00,4121.00,5200
2013.10.04,4120.00,4176.00,4119.00,4165.00,5716
2013.10.07,4138.00,4167.00,4103.00,4150.00,4946
2013.10.08,4156.00,4172.00,4117.00,4117.00,6261
2013.10.09,4132.00,4162.00,4113.00,4136.00,6087
2013.10.10,4151.00,4237.00,4146.00,4233.00,6000
2013.10.11,4227.00,4230.00,4207.00,4227.00,4824
2013.10.14,4208.00,4241.00,4191.00,4237.00,4487
2013.10.15,4231.00,4262.00,4230.00,4237.00,6598
2013.10.16,4244.00,4248.00,4212.00,4243.00,6105
2013.10.17,4236.00,4252.00,4203.00,4248.00,5324
2013.10.18,4258.00,4289.00,4244.00,4282.00,4918
2013.10.21,4287.00,4296.00,4264.00,4272.00,4429
2013.10.22,4272.00,4307.00,4262.00,4288.00,5389
2013.10.23,4273.00,4274.00,4247.00,4263.00,4957
2013.10.24,4279.00,4287.00,4258.00,4269.00,4451
2013.10.25,4255.00,4278.00,4240.00,4270.00,4501
2013.10.28,4287.00,4291.00,4233.00,4252.00,3395
2013.10.29,4255.00,4280.00,4241.00,4276.00,3716
2013.10.30,4276.00,4308.00,4257.00,4268.00,5357
2013.10.31,4259.00,4309.00,4252.00,4295.00,5007
2013.11.01,4298.00,4306.00,4264.00,4280.00,4140
2013.11.04,4284.00,4297.00,4273.00,4297.00,3262
2013.11.05,4296.00,4296.00,4230.00,4253.00,4021
2013.11.06,4272.00,4297.00,4261.00,4283.00,3816
2013.11.07,4277.00,4354.00,4238.00,4248.00,6994
2013.11.08,4249.00,4269.00,4208.00,4269.00,6414
2013.11.11,4270.00,4295.00,4251.00,4290.00,3427
2013.11.12,4292.00,4297.00,4250.00,4263.00,4427
2013.11.13,4253.00,4269.00,4212.00,4268.00,6592
2013.11.14,4276.00,4294.00,4256.00,4282.00,5446
2013.11.15,4281.00,4298.00,4269.00,4291.00,4103
2013.11.18,4284.00,4335.00,4274.00,4299.00,4010
2013.11.19,4302.00,4302.00,4251.00,4262.00,4159
2013.11.20,4258.00,4290.00,4236.00,4246.00,5159
2013.11.21,4241.00,4265.00,4219.00,4264.00,4679
2013.11.22,4262.00,4284.00,4248.00,4280.00,3879
2013.11.25,4291.00,4306.00,4282.00,4286.00,3392
2013.11.26,4294.00,4303.00,4275.00,4283.00,3013
2013.11.27,4288.00,4303.00,4275.00,4288.00,2817
2013.11.28,4288.00,4312.00,4287.00,4299.00,1592
2013.11.29,4297.00,4310.00,4286.00,4293.00,1791
2013.12.02,4295.00,4309.00,4272.00,4272.00,2891
2013.12.03,4272.00,4278.00,4166.00,4182.00,4621
2013.12.04,4180.00,4190.00,4116.00,4150.00,6048
2013.12.05,4141.00,4156.00,4093.00,4097.00,5640
2013.12.06,4106.00,4147.00,4082.00,4145.00,5084
2013.12.09,4142.00,4146.00,4110.00,4131.00,3584
2013.12.10,4132.00,4144.00,4087.00,4093.00,3831
2013.12.11,4092.00,4127.00,4070.00,4075.00,4155
2013.12.12,4069.00,4089.00,4055.00,4065.00,5564
2013.12.13,4071.00,4085.00,4051.00,4067.00,4097
2013.12.16,4045.00,4129.00,4043.00,4110.00,3968
2013.12.17,4104.00,4104.00,4066.00,4076.00,3573
2013.12.18,4085.00,4158.00,4072.00,4158.00,5995
2013.12.19,4146.00,4184.00,4135.00,4182.00,4556
2013.12.20,4187.00,4200.00,4165.00,4193.00,4036
2013.12.23,4203.00,4220.00,4187.00,4218.00,2753
2013.12.24,4214.00,4231.00,4210.00,4220.00,837
2013.12.27,4238.00,4286.00,4237.00,4277.00,2562
2013.12.30,4284.00,4292.00,4267.00,4289.00,2987
2013.12.31,4286.00,4298.00,4283.00,4295.00,365
2014.01.02,4304.00,4312.00,4214.00,4233.00,5232
2014.01.03,4242.00,4256.00,4232.00,4241.00,2311
2014.01.06,4239.00,4261.00,4219.00,4223.00,4195
2014.01.07,4228.00,4266.00,4213.00,4260.00,3330
2014.01.08,4258.00,4271.00,4243.00,4259.00,4104
2014.01.09,4258.00,4278.00,4214.00,4239.00,4555
2014.01.10,4251.00,4269.00,4231.00,4265.00,5529
2014.01.13,4260.00,4268.00,4225.00,4232.00,3970
2014.01.14,4231.00,4286.00,4210.00,4283.00,4528
2014.01.15,4286.00,4344.00,4280.00,4340.00,4399
2014.01.16,4337.00,4337.00,4312.00,4330.00,4039
2014.01.17,4327.00,4341.00,4311.00,4320.00,4363
2014.01.20,4316.00,4332.00,4313.00,4325.00,2144
2014.01.21,4337.00,4350.00,4316.00,4335.00,4020
2014.01.22,4339.00,4346.00,4307.00,4334.00,3998
2014.01.23,4320.00,4339.00,4266.00,4282.00,5554
2014.01.24,4284.00,4292.00,4139.00,4139.00,8919
2014.01.27,4145.00,4172.00,4121.00,4142.00,8813
2014.01.28,4148.00,4206.00,4146.00,4202.00,6259
2014.01.29,4223.00,4245.00,4103.00,4145.00,12388
2014.01.30,4152.00,4209.00,4122.00,4202.00,6900
2014.01.31,4190.00,4191.00,4097.00,4153.00,9813
2014.02.03,4142.00,4185.00,4066.00,4068.00,9438
2014.02.04,4076.00,4131.00,4070.00,4126.00,8294
2014.02.05,4108.00,4136.00,4097.00,4123.00,8239
2014.02.06,4124.00,4200.00,4120.00,4194.00,8631
2014.02.07,4199.00,4254.00,4170.00,4250.00,6789
2014.02.10,4251.00,4251.00,4228.00,4235.00,5007
2014.02.11,4251.00,4304.00,4247.00,4292.00,5793
2014.02.12,4293.00,4325.00,4287.00,4310.00,4900
2014.02.13,4293.00,4330.00,4275.00,4327.00,5456
2014.02.14,4319.00,4349.00,4305.00,4342.00,4543
2014.02.17,4343.00,4353.00,4329.00,4331.00,2165
2014.02.18,4344.00,4347.00,4305.00,4330.00,4505
2014.02.19,4328.00,4353.00,4312.00,4315.00,5494
2014.02.20,4306.00,4361.00,4289.00,4355.00,5923
2014.02.21,4367.00,4384.00,4353.00,4372.00,4877
2014.02.24,4373.00,4425.00,4373.00,4410.00,4593
2014.02.25,4411.00,4418.00,4384.00,4401.00,4954
2014.02.26,4419.00,4422.00,4382.00,4394.00,4740
2014.02.27,4398.00,4410.00,4353.00,4403.00,6367
2014.02.28,4407.00,4413.00,4365.00,4383.00,6138
2014.03.03,4347.00,4348.00,4278.00,4296.00,8760
2014.03.04,4331.00,4398.00,4329.00,4384.00,6789
2014.03.05,4383.00,4400.00,4374.00,4392.00,4544
2014.03.06,4400.00,4430.00,4395.00,4409.00,5680
2014.03.07,4419.00,4433.00,4362.00,4386.00,7483
2014.03.10,4367.00,4419.00,4346.00,4384.00,6017
2014.03.11,4386.00,4388.00,4333.00,4342.00,6016
2014.03.12,4332.00,4332.00,4272.00,4314.00,6293
2014.03.13,4317.00,4320.00,4214.00,4230.00,7591
2014.03.14,4224.00,4237.00,4182.00,4210.00,9986
2014.03.17,4213.00,4277.00,4210.00,4269.00,5987
2014.03.18,4264.00,4342.00,4249.00,4308.00,6329
2014.03.19,4309.00,4329.00,4257.00,4276.00,5706
2014.03.20,4271.00,4330.00,4259.00,4324.00,7178
2014.03.21,4330.00,4352.00,4294.00,4298.00,5833
2014.03.24,4304.00,4333.00,4265.00,4294.00,6872
2014.03.25,4297.00,4365.00,4291.00,4356.00,6188
2014.03.26,4364.00,4399.00,4351.00,4363.00,6620
2014.03.27,4370.00,4391.00,4359.00,4382.00,6851
2014.03.28,4387.00,4413.00,4386.00,4404.00,5737
2014.03.31,4422.00,4431.00,4388.00,4398.00,5223
2014.04.01,4404.00,4441.00,4401.00,4432.00,3772
2014.04.02,4438.00,4438.00,4421.00,4434.00,3570
2014.04.03,4431.00,4470.00,4416.00,4455.00,5041
2014.04.04,4459.00,4497.00,4446.00,4450.00,6414
2014.04.07,4449.00,4465.00,4419.00,4434.00,6614
2014.04.08,4443.00,4448.00,4383.00,4417.00,6544
2014.04.09,4420.00,4461.00,4419.00,4458.00,5193
2014.04.10,4454.00,4466.00,4361.00,4366.00,8458
2014.04.11,4377.00,4387.00,4333.00,4346.00,8676
2014.04.14,4340.00,4388.00,4319.00,4384.00,6838
2014.04.15,4386.00,4404.00,4323.00,4375.00,8050
2014.04.16,4401.00,4422.00,4375.00,4422.00,6998
2014.04.17,4406.00,4451.00,4391.00,4441.00,5129
2014.04.22,4446.00,4487.00,4442.00,4482.00,3814
2014.04.23,4481.00,4482.00,4448.00,4455.00,3909
2014.04.24,4469.00,4499.00,4438.00,4470.00,5717
2014.04.25,4467.00,4474.00,4431.00,4450.00,6096
2014.04.28,4457.00,4478.00,4424.00,4460.00,5571
2014.04.29,4465.00,4504.00,4449.00,4487.00,5423
2014.04.30,4474.00,4492.00,4468.00,4485.00,4830
2014.05.02,4480.00,4485.00,4445.00,4458.00,4693
2014.05.05,4453.00,4470.00,4399.00,4470.00,2769
2014.05.06,4479.00,4480.00,4413.00,4418.00,4550
2014.05.07,4411.00,4457.00,4402.00,4455.00,6070
2014.05.08,4456.00,4506.00,4439.00,4486.00,5829
2014.05.09,4490.00,4498.00,4456.00,4470.00,5190
2014.05.12,4458.00,4498.00,4456.00,4496.00,3467
2014.05.13,4498.00,4510.00,4490.00,4506.00,3932
2014.05.14,4507.00,4508.00,4489.00,4494.00,3711
2014.05.15,4497.00,4513.00,4437.00,4460.00,6316
2014.05.16,4456.00,4463.00,4417.00,4463.00,5297
2014.05.19,4453.00,4477.00,4417.00,4474.00,4145
2014.05.20,4461.00,4473.00,4427.00,4440.00,4351
2014.05.21,4441.00,4472.00,4423.00,4468.00,4254
2014.05.22,4481.00,4483.00,4449.00,4474.00,3569
2014.05.23,4479.00,4495.00,4467.00,4490.00,2451
2014.05.26,4501.00,4527.00,4495.00,4516.00,1488
2014.05.27,4514.00,4535.00,4510.00,4532.00,2399
2014.05.28,4535.00,4536.00,4517.00,4523.00,2598
2014.05.29,4525.00,4533.00,4514.00,4532.00,2181
2014.05.30,4521.00,4530.00,4493.00,4528.00,2532
2014.06.02,4519.00,4528.00,4500.00,4519.00,2252
2014.06.03,4512.00,4516.00,4496.00,4502.00,2028
2014.06.04,4498.00,4508.00,4468.00,4504.00,2319
2014.06.05,4503.00,4579.00,4485.00,4554.00,5070
2014.06.06,4552.00,4591.00,4538.00,4591.00,3074
2014.06.09,4588.00,4598.00,4569.00,4592.00,1985
2014.06.10,4588.00,4598.00,4578.00,4592.00,2054
2014.06.11,4587.00,4588.00,4546.00,4556.00,2945
2014.06.12,4561.00,4573.00,4535.00,4542.00,3039
2014.06.13,4551.00,4555.00,4505.00,4536.00,3181
2014.06.16,4526.00,4540.00,4506.00,4517.00,3310
2014.06.17,4523.00,4541.00,4507.00,4537.00,3003
2014.06.18,4539.00,4562.00,4527.00,4559.00,2838
2014.06.19,4560.00,4581.00,4557.00,4563.00,2620
2014.06.20,4558.00,4574.00,4530.00,4541.00,2326
2014.06.23,4545.00,4549.00,4493.00,4526.00,2967
2014.06.24,4521.00,4536.00,4494.00,4499.00,2635
2014.06.25,4488.00,4498.00,4447.00,4470.00,3116
2014.06.26,4473.00,4477.00,4408.00,4457.00,3477
2014.06.27,4450.00,4461.00,4426.00,4450.00,2909
2014.06.30,4448.00,4458.00,4406.00,4422.00,3026
2014.07.01,4427.00,4466.00,4427.00,4456.00,2742
2014.07.02,4455.00,4467.00,4435.00,4446.00,2679
2014.07.03,4447.00,4491.00,4436.00,4482.00,3100
2014.07.04,4484.00,4485.00,4464.00,4470.00,745
2014.07.07,4466.00,4466.00,4402.00,4414.00,2724
2014.07.08,4415.00,4422.00,4337.00,4349.00,4067
2014.07.09,4349.00,4368.00,4328.00,4364.00,3267
2014.07.10,4357.00,4359.00,4275.00,4313.00,6306
2014.07.11,4307.00,4330.00,4297.00,4323.00,3654
2014.07.14,4337.00,4356.00,4322.00,4340.00,2950
2014.07.15,4341.00,4352.00,4291.00,4315.00,5330
2014.07.16,4317.00,4374.00,4315.00,4367.00,4052
2014.07.17,4353.00,4363.00,4279.00,4285.00,6065
2014.07.18,4290.00,4354.00,4284.00,4344.00,4841
2014.07.21,4336.00,4340.00,4295.00,4312.00,5177
2014.07.22,4327.00,4374.00,4314.00,4365.00,3835
2014.07.23,4357.00,4396.00,4354.00,4372.00,3669
2014.07.24,4371.00,4415.00,4346.00,4399.00,4833
2014.07.25,4397.00,4397.00,4315.00,4338.00,4251
2014.07.28,4339.00,4359.00,4306.00,4348.00,4833
2014.07.29,4355.00,4391.00,4331.00,4351.00,4289
2014.07.30,4359.00,4380.00,4301.00,4322.00,5856
2014.07.31,4319.00,4337.00,4225.00,4228.00,9715
2014.08.01,4242.00,4249.00,4180.00,4200.00,9670
2014.08.04,4214.00,4247.00,4202.00,4241.00,6213
2014.08.05,4226.00,4251.00,4184.00,4197.00,7801
2014.08.06,4207.00,4223.00,4169.00,4194.00,8092
2014.08.07,4203.00,4214.00,4119.00,4129.00,9679
2014.08.08,4112.00,4184.00,4100.00,4179.00,8481
2014.08.11,4178.00,4205.00,4162.00,4184.00,5294
2014.08.12,4189.00,4192.00,4149.00,4168.00,5318
2014.08.13,4181.00,4205.00,4177.00,4188.00,4750
2014.08.14,4189.00,4219.00,4165.00,4212.00,4962
2014.08.15,4213.00,4257.00,4152.00,4191.00,7153
2014.08.18,4233.00,4242.00,4210.00,4234.00,3959
2014.08.19,4238.00,4259.00,4231.00,4256.00,3167
2014.08.20,4249.00,4256.00,4216.00,4244.00,3957
2014.08.21,4252.00,4295.00,4230.00,4287.00,3723
2014.08.22,4286.00,4294.00,4232.00,4254.00,5204
2014.08.25,4278.00,4344.00,4278.00,4333.00,2837
2014.08.26,4322.00,4397.00,4322.00,4381.00,3592
2014.08.27,4385.00,4402.00,4379.00,4389.00,2769
2014.08.28,4391.00,4392.00,4352.00,4369.00,5003
2014.08.29,4376.00,4393.00,4335.00,4383.00,4236
2014.09.01,4386.00,4390.00,4356.00,4379.00,2390
2014.09.02,4386.00,4403.00,4359.00,4376.00,3791
2014.09.03,4385.00,4445.00,4383.00,4413.00,4815
2014.09.04,4411.00,4508.00,4400.00,4482.00,6780
2014.09.05,4477.00,4498.00,4468.00,4495.00,5369
2014.09.08,4490.00,4491.00,4452.00,4464.00,4047
2014.09.09,4461.00,4482.00,4434.00,4441.00,4862
2014.09.10,4438.00,4470.00,4433.00,4464.00,4682
2014.09.11,4458.00,4465.00,4409.00,4443.00,4994
2014.09.12,4445.00,4451.00,4418.00,4435.00,4675
2014.09.15,4423.00,4440.00,4417.00,4430.00,4196
2014.09.16,4429.00,4432.00,4389.00,4432.00,4410
2014.09.17,4426.00,4454.00,4419.00,4439.00,4821
2014.09.18,4445.00,4469.00,4434.00,4453.00,4005
2014.09.19,4483.00,4498.00,4452.00,4457.00,5840
2014.09.22,4449.00,4465.00,4428.00,4438.00,4510
2014.09.23,4436.00,4440.00,4349.00,4354.00,5325
2014.09.24,4355.00,4426.00,4346.00,4423.00,4291
2014.09.25,4415.00,4431.00,4340.00,4349.00,6987
2014.09.26,4360.00,4422.00,4339.00,4413.00,6258
2014.09.29,4398.00,4402.00,4333.00,4363.00,6235
2014.09.30,4367.00,4436.00,4365.00,4401.00,6494
2014.10.01,4396.00,4428.00,4337.00,4347.00,7654
2014.10.02,4351.00,4371.00,4231.00,4265.00,10487
2014.10.03,4272.00,4297.00,4259.00,4290.00,3600
2014.10.06,4304.00,4334.00,4263.00,4278.00,7691
2014.10.07,4268.00,4277.00,4172.00,4173.00,7571
2014.10.08,4181.00,4228.00,4154.00,4224.00,8319
2014.10.09,4220.00,4220.00,4088.00,4093.00,11795
2014.10.10,4095.00,4126.00,4062.00,4062.00,12334
2014.10.13,4025.00,4103.00,4014.00,4039.00,13089
2014.10.14,4059.00,4101.00,4012.00,4065.00,11780
2014.10.15,4074.00,4096.00,3885.00,3962.00,16155
2014.10.16,3963.00,3986.00,3786.00,3906.00,19743
2014.10.17,3911.00,4041.00,3900.00,4008.00,12694
2014.10.20,4035.00,4048.00,3960.00,4002.00,10460
2014.10.21,3985.00,4103.00,3962.00,4100.00,8837
2014.10.22,4098.00,4109.00,4059.00,4063.00,8978
2014.10.23,4073.00,4166.00,4045.00,4141.00,8941
2014.10.24,4129.00,4153.00,4115.00,4146.00,7575
2014.10.27,4149.00,4176.00,4064.00,4110.00,8847
2014.10.28,4125.00,4136.00,4098.00,4128.00,6618
2014.10.29,4130.00,4136.00,4089.00,4112.00,7797
2014.10.30,4120.00,4160.00,4051.00,4152.00,9670
2014.10.31,4208.00,4247.00,4181.00,4236.00,8329
2014.11.03,4230.00,4239.00,4184.00,4194.00,5972
2014.11.04,4189.00,4209.00,4118.00,4151.00,7019
2014.11.05,4171.00,4215.00,4144.00,4204.00,6197
2014.11.06,4197.00,4279.00,4180.00,4235.00,8527
2014.11.07,4253.00,4253.00,4159.00,4194.00,7403
2014.11.10,4200.00,4225.00,4174.00,4224.00,5268
2014.11.11,4225.00,4253.00,4219.00,4242.00,4128
2014.11.12,4235.00,4242.00,4173.00,4193.00,5704
2014.11.13,4210.00,4221.00,4152.00,4194.00,6395
2014.11.14,4199.00,4213.00,4163.00,4201.00,6328
2014.11.17,4172.00,4240.00,4160.00,4231.00,4783
2014.11.18,4232.00,4282.00,4222.00,4273.00,4259
2014.11.19,4264.00,4290.00,4251.00,4272.00,4926
2014.11.20,4262.00,4268.00,4199.00,4231.00,5510
2014.11.21,4246.00,4356.00,4239.00,4339.00,5433
2014.11.24,4337.00,4399.00,4336.00,4379.00,4376
2014.11.25,4378.00,4403.00,4361.00,4385.00,4419
2014.11.26,4398.00,4399.00,4363.00,4386.00,4723
2014.11.27,4384.00,4398.00,4364.00,4385.00,3264
2014.11.28,4379.00,4395.00,4354.00,4388.00,4798
2014.12.01,4369.00,4386.00,4333.00,4379.00,4776
2014.12.02,4389.00,4422.00,4370.00,4393.00,5471
2014.12.03,4387.00,4405.00,4377.00,4396.00,3935
2014.12.04,4402.00,4428.00,4308.00,4349.00,7682
2014.12.05,4352.00,4423.00,4352.00,4411.00,5293
2014.12.08,4405.00,4411.00,4346.00,4363.00,4530
2014.12.09,4344.00,4347.00,4256.00,4299.00,6866
2014.12.10,4297.00,4306.00,4195.00,4201.00,8954
2014.12.11,4217.00,4249.00,4192.00,4197.00,7238
2014.12.12,4185.00,4202.00,4077.00,4080.00,9053
2014.12.15,4084.00,4143.00,3993.00,4008.00,8723
2014.12.16,4016.00,4098.00,3923.00,4022.00,20040
2014.12.17,4031.00,4163.00,4028.00,4152.00,15046
2014.12.18,4156.00,4271.00,4150.00,4266.00,9805
2014.12.19,4285.00,4299.00,4203.00,4258.00,9565
2014.12.22,4259.00,4297.00,4241.00,4270.00,5696
2014.12.23,4268.00,4326.00,4258.00,4307.00,5115
2014.12.29,4321.00,4325.00,4246.00,4311.00,6282
2014.12.30,4305.00,4309.00,4236.00,4247.00,4849
2015.01.02,4261.00,4309.00,4219.00,4252.00,6821
2015.01.05,4235.00,4276.00,4100.00,4113.00,9687
2015.01.06,4121.00,4149.00,4060.00,4083.00,11372
2015.01.07,4107.00,4152.00,4077.00,4142.00,10513
2015.01.08,4173.00,4270.00,4161.00,4247.00,8096
2015.01.09,4240.00,4273.00,4147.00,4186.00,11699
2015.01.12,4180.00,4253.00,4164.00,4213.00,11484
2015.01.13,4218.00,4312.00,4197.00,4248.00,11836
2015.01.14,4212.00,4302.00,4204.00,4243.00,16634
2015.01.15,4278.00,4339.00,4117.00,4308.00,24901
2015.01.16,4288.00,4420.00,4285.00,4409.00,13877
2015.01.19,4396.00,4423.00,4365.00,4391.00,6764
2015.01.20,4413.00,4467.00,4403.00,4456.00,9881
2015.01.21,4454.00,4489.00,4406.00,4486.00,11423
2015.01.22,4485.00,4610.00,4461.00,4597.00,15765
2015.01.23,4594.00,4675.00,4584.00,4629.00,11799
2015.01.26,4617.00,4695.00,4610.00,4688.00,9969
2015.01.27,4682.00,4687.00,4592.00,4634.00,11946
2015.01.28,4670.00,4671.00,4549.00,4553.00,11357
2015.01.29,4558.00,4672.00,4550.00,4666.00,12448
2015.01.30,4656.00,4663.00,4582.00,4594.00,13513
2015.02.02,4610.00,4655.00,4583.00,4651.00,12549
2015.02.03,4645.00,4702.00,4639.00,4698.00,10547
2015.02.04,4689.00,4695.00,4641.00,4651.00,11309
2015.02.05,4634.00,4709.00,4632.00,4699.00,9753
2015.02.06,4695.00,4708.00,4650.00,4662.00,8614
2015.02.09,4650.00,4661.00,4611.00,4650.00,10168
2015.02.10,4661.00,4718.00,4635.00,4709.00,9013
2015.02.11,4697.00,4705.00,4659.00,4690.00,7585
2015.02.12,4693.00,4750.00,4664.00,4750.00,8398
2015.02.13,4746.00,4779.00,4740.00,4770.00,6130
2015.02.16,4759.00,4766.00,4720.00,4724.00,3321
2015.02.17,4728.00,4788.00,4682.00,4774.00,6190
2015.02.18,4773.00,4809.00,4771.00,4799.00,4892
2015.02.19,4792.00,4841.00,4770.00,4819.00,6274
2015.02.20,4819.00,4887.00,4781.00,4870.00,9195
2015.02.23,4864.00,4876.00,4831.00,4851.00,5394
2015.02.24,4856.00,4900.00,4843.00,4888.00,5606
2015.02.25,4889.00,4896.00,4863.00,4881.00,4485
2015.02.26,4889.00,4910.00,4876.00,4898.00,4941
2015.02.27,4899.00,4952.00,4896.00,4934.00,5198
2015.03.02,4941.00,4950.00,4899.00,4930.00,4302
2015.03.03,4924.00,4936.00,4861.00,4888.00,5234
2015.03.04,4886.00,4923.00,4857.00,4918.00,6893
2015.03.05,4927.00,4974.00,4919.00,4957.00,6359
2015.03.06,4961.00,4987.00,4939.00,4940.00,6302
2015.03.09,4945.00,4950.00,4917.00,4937.00,5778
2015.03.10,4928.00,4940.00,4869.00,4889.00,7614
2015.03.11,4894.00,5010.00,4894.00,4994.00,7019
2015.03.12,5003.00,5004.00,4980.00,4998.00,5995
2015.03.13,5004.00,5033.00,4967.00,5022.00,7146
2015.03.16,5016.00,5072.00,5015.00,5062.00,5246
2015.03.17,5057.00,5075.00,5006.00,5040.00,7574
2015.03.18,5044.00,5062.00,5001.00,5023.00,8969
2015.03.19,5035.00,5060.00,5006.00,5031.00,7898
2015.03.20,5050.00,5105.00,5033.00,5087.00,6559
2015.03.23,5078.00,5085.00,5033.00,5043.00,6683
2015.03.24,5047.00,5103.00,5032.00,5071.00,6331
2015.03.25,5072.00,5087.00,5004.00,5014.00,7525
2015.03.26,4989.00,5019.00,4932.00,5002.00,10703
2015.03.27,5009.00,5048.00,4998.00,5041.00,8300
2015.03.30,5048.00,5096.00,5038.00,5080.00,4980
2015.03.31,5071.00,5098.00,5017.00,5029.00,7788
2015.04.01,5011.00,5110.00,5003.00,5077.00,9121
2015.04.02,5075.00,5080.00,5057.00,5079.00,5387
2015.04.07,5101.00,5166.00,5094.00,5131.00,5625
2015.04.08,5135.00,5167.00,5126.00,5151.00,6190
2015.04.09,5151.00,5230.00,5145.00,5224.00,5144
2015.04.10,5225.00,5246.00,5210.00,5245.00,4602
2015.04.13,5241.00,5261.00,5221.00,5232.00,4411
2015.04.14,5236.00,5261.00,5191.00,5232.00,6728
2015.04.15,5231.00,5269.00,5216.00,5245.00,5711
2015.04.16,5254.00,5254.00,5211.00,5222.00,7249
2015.04.17,5224.00,5240.00,5118.00,5135.00,12886
2015.04.20,5150.00,5191.00,5143.00,5178.00,6131
2015.04.21,5188.00,5244.00,5171.00,5201.00,7909
2015.04.22,5203.00,5227.00,5145.00,5224.00,9398
2015.04.23,5228.00,5231.00,5146.00,5196.00,9301
2015.04.24,5190.00,5226.00,5164.00,5194.00,8756
2015.04.27,5195.00,5284.00,5134.00,5239.00,8286
2015.04.28,5240.00,5256.00,5135.00,5181.00,8938
2015.04.29,5172.00,5202.00,5010.00,5044.00,13339
2015.04.30,5048.00,5066.00,4984.00,5011.00,13733
2015.05.04,5066.00,5113.00,5012.00,5080.00,7600
2015.05.05,5072.00,5135.00,4962.00,4974.00,12949
2015.05.06,4994.00,5013.00,4933.00,4966.00,13585
2015.05.07,4967.00,4981.00,4873.00,4958.00,12772
2015.05.08,4965.00,5094.00,4964.00,5093.00,11084
2015.05.11,5059.00,5059.00,5004.00,5015.00,8155
2015.05.12,5027.00,5027.00,4920.00,4977.00,12155
2015.05.13,4991.00,5046.00,4942.00,4951.00,10104
2015.05.14,4952.00,5045.00,4902.00,5024.00,8653
2015.05.15,5020.00,5067.00,4965.00,5013.00,8772
2015.05.18,5015.00,5028.00,4930.00,5024.00,8793
2015.05.19,5032.00,5125.00,5028.00,5105.00,8440
2015.05.20,5106.00,5139.00,5088.00,5132.00,6811
2015.05.21,5124.00,5155.00,5102.00,5149.00,5677
2015.05.22,5147.00,5156.00,5120.00,5149.00,5274
2015.05.25,5147.00,5150.00,5099.00,5117.00,1047
2015.05.26,5112.00,5147.00,5061.00,5094.00,9449
2015.05.27,5094.00,5194.00,5085.00,5178.00,7056
2015.05.28,5160.00,5170.00,5095.00,5145.00,6270
2015.05.29,5149.00,5152.00,4996.00,5022.00,9440
2015.06.01,5046.00,5061.00,4989.00,5038.00,9379
2015.06.02,5039.00,5050.00,4957.00,5002.00,10691
2015.06.03,5007.00,5089.00,4989.00,5013.00,10498
2015.06.04,5002.00,5045.00,4914.00,4952.00,13081
2015.06.05,4958.00,4966.00,4891.00,4927.00,11989
2015.06.08,4923.00,4924.00,4825.00,4838.00,10031
2015.06.09,4846.00,4869.00,4784.00,4831.00,11232
2015.06.10,4833.00,4962.00,4814.00,4929.00,9018
2015.06.11,4930.00,5023.00,4917.00,4969.00,9869
2015.06.12,4967.00,4973.00,4851.00,4905.00,11765
2015.06.15,4876.00,4878.00,4804.00,4828.00,11308
2015.06.16,4817.00,4859.00,4748.00,4842.00,9922
2015.06.17,4850.00,4858.00,4756.00,4770.00,10121
2015.06.18,4764.00,4874.00,4712.00,4810.00,13892
2015.06.19,4802.00,4871.00,4794.00,4806.00,10441
2015.06.22,4909.00,5011.00,4909.00,4985.00,12519
2015.06.23,5036.00,5078.00,5022.00,5063.00,8272
2015.06.24,5067.00,5068.00,5000.00,5024.00,11851
2015.06.25,5029.00,5087.00,4993.00,5015.00,12883
2015.06.26,4999.00,5095.00,4983.00,5064.00,9875
2015.06.29,4803.00,4948.00,4762.00,4821.00,16096
2015.06.30,4844.00,4894.00,4775.00,4809.00,18970
2015.07.01,4844.00,4943.00,4811.00,4880.00,14907
2015.07.02,4882.00,4903.00,4822.00,4842.00,8448
2015.07.03,4850.00,4850.00,4778.00,4812.00,7397
2015.07.06,4669.00,4777.00,4664.00,4690.00,15140
2015.07.07,4704.00,4724.00,4598.00,4708.00,14110
2015.07.08,4643.00,4672.00,4600.00,4616.00,15576
2015.07.09,4662.00,4777.00,4653.00,4730.00,12368
2015.07.10,4845.00,4954.00,4844.00,4940.00,13270
2015.07.13,4890.00,5010.00,4861.00,5000.00,12734
2015.07.14,5015.00,5045.00,4982.00,5042.00,5886
2015.07.15,5039.00,5056.00,5012.00,5036.00,6123
2015.07.16,5085.00,5147.00,5068.00,5125.00,6428
2015.07.17,5124.00,5144.00,5110.00,5125.00,5298
2015.07.20,5142.00,5185.00,5129.00,5141.00,4183
2015.07.21,5148.00,5157.00,5089.00,5107.00,5612
2015.07.22,5088.00,5101.00,5065.00,5088.00,5529
2015.07.23,5107.00,5121.00,5054.00,5062.00,6706
2015.07.24,5072.00,5121.00,5025.00,5031.00,6793
2015.07.27,5031.00,5040.00,4916.00,4926.00,8956
2015.07.28,4959.00,4998.00,4936.00,4990.00,7089
2015.07.29,4983.00,5044.00,4969.00,5032.00,8046
2015.07.30,5041.00,5062.00,5000.00,5055.00,8195
2015.07.31,5056.00,5087.00,5034.00,5086.00,7249
2015.08.03,5073.00,5126.00,5065.00,5104.00,7475
2015.08.04,5107.00,5117.00,5075.00,5116.00,6745
2015.08.05,5121.00,5204.00,5121.00,5176.00,6399
2015.08.06,5174.00,5218.00,5168.00,5186.00,5994
2015.08.07,5189.00,5198.00,5153.00,5166.00,6849
2015.08.10,5193.00,5199.00,5133.00,5198.00,5669
2015.08.11,5174.00,5188.00,5094.00,5112.00,8648
2015.08.12,5055.00,5059.00,4905.00,4988.00,12290
2015.08.13,5004.00,5022.00,4970.00,4976.00,8579
2015.08.14,4970.00,5018.00,4940.00,4984.00,8087
2015.08.17,4985.00,5025.00,4920.00,5001.00,8847
2015.08.18,5003.00,5004.00,4954.00,4967.00,8176
2015.08.19,4934.00,4951.00,4875.00,4893.00,10934
2015.08.20,4878.00,4882.00,4733.00,4734.00,11925
2015.08.21,4679.00,4776.00,4577.00,4594.00,18865
2015.08.24,4505.00,4541.00,4225.00,4363.00,41585
2015.08.25,4443.00,4596.00,4408.00,4431.00,31967
2015.08.26,4505.00,4587.00,4427.00,4584.00,30410
2015.08.27,4585.00,4687.00,4574.00,4671.00,21383
2015.08.28,4668.00,4682.00,4622.00,4663.00,16468
2015.08.31,4617.00,4672.00,4608.00,4643.00,12290
2015.09.01,4555.00,4599.00,4483.00,4497.00,28779
2015.09.02,4545.00,4603.00,4515.00,4591.00,21124
2015.09.03,4590.00,4694.00,4583.00,4624.00,20279
2015.09.04,4582.00,4614.00,4486.00,4511.00,24871
2015.09.07,4562.00,4591.00,4524.00,4545.00,7945
2015.09.08,4555.00,4656.00,4542.00,4621.00,12771
2015.09.09,4678.00,4732.00,4587.00,4594.00,17583
2015.09.10,4619.00,4666.00,4582.00,4616.00,18904
2015.09.11,4612.00,4625.00,4543.00,4577.00,12566
2015.09.14,4571.00,4598.00,4506.00,4532.00,11797
2015.09.15,4534.00,4596.00,4501.00,4591.00,11052
2015.09.16,4587.00,4662.00,4585.00,4657.00,9513
2015.09.17,4657.00,4711.00,4628.00,4637.00,14261
2015.09.18,4634.00,4642.00,4494.00,4539.00,19521
2015.09.21,4531.00,4606.00,4517.00,4584.00,14214
2015.09.22,4590.00,4601.00,4413.00,4457.00,17267
2015.09.23,4414.00,4490.00,4394.00,4432.00,15148
2015.09.24,4432.00,4456.00,4309.00,4392.00,21513
2015.09.25,4423.00,4515.00,4409.00,4447.00,21449
2015.09.28,4436.00,4470.00,4323.00,4330.00,23488
2015.09.29,4309.00,4378.00,4273.00,4355.00,25019
2015.09.30,4402.00,4475.00,4401.00,4459.00,20013
2015.10.01,4499.00,4528.00,4400.00,4452.00,22352
2015.10.02,4473.00,4530.00,4384.00,4528.00,22428
2015.10.05,4554.00,4653.00,4527.00,4651.00,14569
2015.10.06,4625.00,4685.00,4588.00,4646.00,17206
2015.10.07,4653.00,4729.00,4652.00,4702.00,16823
2015.10.08,4672.00,4727.00,4643.00,4724.00,16587
2015.10.09,4732.00,4738.00,4680.00,4701.00,12638
2015.10.12,4690.00,4715.00,4663.00,4683.00,8827
2015.10.13,4675.00,4678.00,4595.00,4622.00,13207
2015.10.14,4617.00,4661.00,4580.00,4618.00,14769
2015.10.15,4644.00,4712.00,4630.00,4709.00,13736
2015.10.16,4705.00,4719.00,4677.00,4713.00,8533
2015.10.19,4699.00,4744.00,4681.00,4705.00,7669
2015.10.20,4697.00,4711.00,4648.00,4676.00,7716
2015.10.21,4705.00,4717.00,4640.00,4667.00,8791
2015.10.22,4676.00,4839.00,4666.00,4822.00,10427
2015.10.23,4850.00,4949.00,4837.00,4939.00,11570
2015.10.26,4934.00,4934.00,4880.00,4898.00,7376
2015.10.27,4893.00,4896.00,4848.00,4869.00,7186
2015.10.28,4862.00,4932.00,4848.00,4926.00,10045
2015.10.29,4916.00,4916.00,4840.00,4883.00,8504
2015.10.30,4898.00,4909.00,4864.00,4879.00,7157
2015.11.02,4852.00,4939.00,4837.00,4933.00,6743
2015.11.03,4921.00,4956.00,4894.00,4941.00,6000
2015.11.04,4949.00,4992.00,4938.00,4951.00,8238
2015.11.05,4958.00,5007.00,4932.00,4977.00,8871
2015.11.06,4987.00,5011.00,4929.00,4996.00,11206
2015.11.09,4992.00,4997.00,4901.00,4926.00,8500
2015.11.10,4929.00,4944.00,4872.00,4921.00,8034
2015.11.11,4928.00,4974.00,4913.00,4935.00,7455
2015.11.12,4948.00,4963.00,4820.00,4820.00,10122
2015.11.13,4827.00,4859.00,4761.00,4795.00,12602
2015.11.16,4714.00,4864.00,4713.00,4864.00,11954
2015.11.17,4872.00,4942.00,4840.00,4900.00,9154
2015.11.18,4903.00,4949.00,4876.00,4940.00,9032
2015.11.19,4943.00,4963.00,4900.00,4902.00,7325
2015.11.20,4908.00,4937.00,4880.00,4913.00,7381
2015.11.23,4905.00,4914.00,4856.00,4869.00,7360
2015.11.24,4874.00,4880.00,4773.00,4836.00,9754
2015.11.25,4840.00,4912.00,4821.00,4883.00,6901
2015.11.26,4890.00,4957.00,4881.00,4933.00,4136
2015.11.27,4913.00,4962.00,4903.00,4931.00,6200
2015.11.30,4924.00,4975.00,4900.00,4945.00,6443
2015.12.01,4976.00,4978.00,4896.00,4924.00,7188
2015.12.02,4931.00,4942.00,4856.00,4868.00,8630
2015.12.03,4887.00,4976.00,4659.00,4677.00,19436
2015.12.04,4682.00,4773.00,4669.00,4772.00,13739
2015.12.07,4767.00,4805.00,4733.00,4775.00,11108
2015.12.08,4758.00,4761.00,4655.00,4684.00,12943
2015.12.09,4688.00,4716.00,4570.00,4600.00,15397
2015.12.10,4598.00,4661.00,4594.00,4621.00,12180
2015.12.11,4633.00,4638.00,4519.00,4525.00,15980
2015.12.14,4554.00,4624.00,4466.00,4538.00,18092
2015.12.15,4528.00,4631.00,4517.00,4614.00,10904
2015.12.16,4628.00,4711.00,4593.00,4699.00,15684
2015.12.17,4691.00,4749.00,4668.00,4668.00,11945
2015.12.18,4643.00,4672.00,4580.00,4597.00,14318
2015.12.21,4651.00,4664.00,4557.00,4587.00,7587
2015.12.22,4610.00,4613.00,4522.00,4599.00,11135
2015.12.23,4600.00,4695.00,4598.00,4692.00,8002
2015.12.24,4672.00,4683.00,4650.00,4656.00,612
2015.12.28,4660.00,4674.00,4611.00,4634.00,5071
2015.12.29,4646.00,4701.00,4644.00,4695.00,5890
2015.12.30,4699.00,4707.00,4659.00,4662.00,6025
2015.12.31,4668.00,4677.00,4652.00,4652.00,487
2016.01.04,4576.00,4584.00,4488.00,4561.00,13910
2016.01.05,4572.00,4578.00,4480.00,4551.00,11289
2016.01.06,4512.00,4532.00,4432.00,4461.00,12473
2016.01.07,4375.00,4423.00,4319.00,4342.00,18265
2016.01.08,4394.00,4436.00,4310.00,4311.00,15979
2016.01.11,4286.00,4384.00,4286.00,4345.00,18021
2016.01.12,4301.00,4429.00,4292.00,4400.00,14591
2016.01.13,4425.00,4465.00,4289.00,4298.00,18162
2016.01.14,4330.00,4381.00,4233.00,4355.00,18350
2016.01.15,4310.00,4321.00,4148.00,4193.00,22189
2016.01.18,4215.00,4254.00,4159.00,4186.00,11868
2016.01.19,4242.00,4307.00,4206.00,4250.00,16822
2016.01.20,4165.00,4186.00,4063.00,4153.00,25109
2016.01.21,4135.00,4240.00,4100.00,4196.00,41485
2016.01.22,4256.00,4369.00,4247.00,4359.00,26045
2016.01.25,4365.00,4368.00,4274.50,4274.50,38255
2016.01.26,4248.00,4377.50,4222.00,4376.50,43002
2016.01.27,4356.80,4402.30,4306.50,4319.50,43883
2016.01.28,4333.30,4404.30,4280.50,4333.50,54499
2016.01.29,4385.30,4430.00,4335.80,4426.00,38128
2016.02.01,4435.80,4436.30,4346.50,4395.00,41018
2016.02.02,4380.80,4381.30,4240.50,4249.00,40455
2016.02.03,4244.80,4294.00,4176.50,4260.00,51110
2016.02.04,4293.30,4297.80,4174.30,4232.00,53891
2016.02.05,4223.00,4269.80,4177.80,4185.00,53209
2016.02.08,4211.80,4222.50,4040.00,4079.00,52426
2016.02.09,4054.80,4091.80,3949.80,4000.50,58885
2016.02.10,4003.50,4113.80,3983.50,4021.50,57953
2016.02.11,4005.00,4013.30,3889.80,3934.00,65152
2016.02.12,3935.00,4001.00,3921.00,3993.80,43755
2016.02.15,4075.00,4144.30,4073.50,4104.50,28902
2016.02.16,4135.30,4158.80,4085.30,4134.00,45110
2016.02.17,4119.80,4251.00,4100.80,4242.80,33554
2016.02.18,4240.30,4279.80,4210.30,4225.00,34886
2016.02.19,4239.30,4255.50,4179.50,4222.00,37794
2016.02.22,4239.30,4302.80,4238.80,4297.30,26065
2016.02.23,4265.80,4301.00,4224.00,4224.50,32075
2016.02.24,4217.30,4242.00,4114.80,4218.50,43050
2016.02.25,4208.30,4279.00,4192.50,4277.30,39910
2016.02.26,4284.50,4351.30,4281.00,4299.50,36088
2016.02.29,4275.80,4358.80,4252.30,4310.00,37220
2016.03.01,4314.30,4431.50,4312.50,4421.50,31960
2016.03.02,4437.30,4448.30,4384.80,4424.80,35700
2016.03.03,4433.80,4434.80,4390.00,4433.80,29010
2016.03.04,4429.00,4479.50,4411.80,4453.00,36293
2016.03.07,4447.50,4457.80,4405.30,4437.00,32322
2016.03.08,4417.80,4436.80,4361.30,4398.80,38437
2016.03.09,4414.30,4458.80,4395.80,4422.00,36807
2016.03.10,4430.30,4581.00,4304.50,4361.50,61329
2016.03.11,4410.30,4508.00,4408.00,4504.00,41069
2016.03.14,4502.00,4535.30,4492.80,4505.00,29342
2016.03.15,4493.30,4493.30,4448.80,4482.00,28238
2016.03.16,4484.30,4503.50,4437.80,4465.50,31538
2016.03.17,4486.30,4504.00,4365.80,4434.50,36265
2016.03.18,4441.50,4472.30,4415.30,4455.00,28376
2016.03.21,4445.30,4481.30,4413.30,4431.50,28710
2016.03.22,4428.80,4441.80,4353.50,4428.50,35779
2016.03.23,4424.50,4468.30,4394.30,4403.00,29110
2016.03.24,4397.30,4397.80,4320.80,4354.00,26185
2016.03.29,4357.00,4384.25,4330.00,4384.25,24830
2016.03.30,4389.00,4466.30,4383.80,4436.30,22651
2016.03.31,4431.30,4431.30,4369.80,4377.30,23709
2016.04.01,4346.23,4349.23,4260.13,4323.43,37051
2016.04.04,4326.25,4377.99,4277.73,4331.45,32797
2016.04.05,4303.09,4303.09,4236.97,4240.19,35881
2016.04.06,4266.37,4299.87,4242.01,4299.87,31889
2016.04.07,4295.76,4316.71,4212.08,4224.58,34830
2016.04.08,4250.98,4315.29,4249.48,4294.47,30211
2016.04.11,4295.03,4340.03,4261.69,4289.96,33321
2016.04.12,4304.88,4360.12,4268.14,4354.62,34567
2016.04.13,4397.56,4494.75,4397.56,4486.75,25970
2016.04.14,4498.25,4517.12,4472.35,4506.12,21921
2016.04.15,4507.13,4508.12,4479.10,4481.36,21785
2016.04.18,4434.95,4516.95,4423.27,4513.21,26363
2016.04.19,4517.11,4578.06,4516.63,4569.71,25367
2016.04.20,4541.50,4607.91,4534.75,4591.93,27793
2016.04.21,4613.15,4614.90,4549.54,4568.16,37755
2016.04.22,4575.20,4586.48,4552.21,4578.97,30222
2016.04.25,4565.28,4574.98,4521.04,4556.82,27464
2016.04.26,4545.25,4580.16,4514.64,4543.24,26727
2016.04.27,4525.15,4578.54,4523.65,4568.05,26254
2016.04.28,4528.37,4554.28,4480.84,4503.29,28096
2016.04.29,4493.46,4508.35,4418.07,4436.32,35165
2016.05.02,4441.15,4458.39,4427.61,4449.37,19089
2016.05.03,4439.44,4449.18,4362.73,4373.71,32415
2016.05.04,4372.12,4388.76,4314.98,4324.74,29532
2016.05.05,4331.70,4346.61,4301.97,4312.47,26633
2016.05.06,4290.15,4324.75,4244.36,4323.50,31771
2016.05.09,4332.20,4363.82,4301.36,4322.23,28833
2016.05.10,4324.83,4374.82,4318.69,4351.83,28814
2016.05.11,4333.78,4342.77,4288.63,4300.98,26435
2016.05.12,4311.19,4361.94,4266.28,4310.66,30957
2016.05.13,4273.30,4335.73,4251.03,4280.57,35448
2016.05.16,4302.06,4328.11,4268.41,4327.35,16017
2016.05.17,4323.47,4362.15,4267.79,4271.79,30963
2016.05.18,4273.46,4329.65,4265.45,4311.39,32141
2016.05.19,4295.11,4314.10,4273.77,4303.02,27671
2016.05.20,4335.25,4355.68,4311.36,4347.42,27792
2016.05.23,4343.76,4357.46,4298.39,4320.50,29389
2016.05.24,4310.73,4450.67,4298.90,4440.67,24022
2016.05.25,4450.94,4490.09,4444.28,4477.91,23628
2016.05.26,4470.85,4513.05,4469.61,4504.78,21999
2016.05.27,4514.57,4521.13,4491.89,4517.88,17660
2016.05.30,4521.53,4533.45,4502.66,4530.95,7929
2016.05.31,4534.02,4538.02,4488.73,4505.23,20927
2016.06.01,4503.73,4510.75,4457.82,4476.42,22887
2016.06.02,4453.26,4488.47,4446.70,4488.47,25353
2016.06.03,4487.77,4492.10,4395.37,4426.96,28572
2016.06.06,4424.58,4435.64,4403.08,4423.59,21697
2016.06.07,4434.59,4487.03,4433.59,4461.60,17490
2016.06.08,4464.09,4473.18,4434.38,4453.25,18469
2016.06.09,4440.01,4444.76,4393.48,4407.35,21360
2016.06.10,4399.88,4403.38,4279.53,4292.03,26182
2016.06.13,4252.54,4276.17,4198.36,4210.61,32463
2016.06.14,4208.64,4213.63,4124.68,4150.93,34096
2016.06.15,4149.91,4204.07,4149.66,4164.67,26259
2016.06.16,4120.40,4202.41,4101.62,4200.66,31345
2016.06.17,4192.60,4235.13,4169.04,4231.37,34789
2016.06.20,4326.96,4350.73,4289.69,4322.58,26602
2016.06.21,4342.80,4413.73,4320.18,4388.72,30895
2016.06.22,4403.71,4416.85,4362.60,4362.60,28218
2016.06.23,4413.60,4509.10,4390.85,4491.10,45295
2016.06.24,3995.60,4198.60,3926.85,4068.35,71909
2016.06.27,4053.60,4116.35,3954.34,4020.44,59086
2016.06.28,4050.71,4126.49,4046.73,4121.49,36761
2016.06.29,4125.21,4206.19,4123.92,4188.20,35640
2016.06.30,4183.70,4297.65,4153.95,4274.63,40590
2016.07.01,4266.39,4288.68,4215.77,4260.36,35289
2016.07.04,4278.51,4291.34,4230.32,4244.05,16579
2016.07.05,4223.99,4226.98,4131.54,4146.04,35904
2016.07.06,4126.22,4153.81,4060.17,4121.10,44633
2016.07.07,4119.33,4168.02,4088.55,4106.79,33422
2016.07.08,4099.24,4209.56,4094.75,4183.36,33555
2016.07.11,4219.99,4271.61,4206.18,4248.29,31606
2016.07.12,4258.73,4342.83,4254.73,4328.45,27148
2016.07.13,4323.92,4358.51,4315.67,4336.69,23907
2016.07.14,4347.45,4402.05,4343.58,4378.08,23013
2016.07.15,4370.90,4383.91,4341.58,4368.15,27178
2016.07.18,4379.34,4408.20,4333.59,4352.69,24879
2016.07.19,4346.66,4357.40,4302.83,4332.82,25424
2016.07.20,4342.88,4391.78,4330.91,4368.46,19634
2016.07.21,4374.68,4390.72,4340.17,4356.64,28854
2016.07.22,4359.36,4399.00,4343.42,4385.58,23219
2016.07.25,4379.21,4419.98,4366.76,4379.96,23623
2016.07.26,4393.19,4405.72,4352.75,4402.22,24959
2016.07.27,4414.51,4469.84,4413.99,4433.86,22990
2016.07.28,4439.14,4476.49,4415.95,4449.69,25761
2016.07.29,4447.65,4455.20,4407.59,4437.80,24685
2016.08.01,4435.58,4435.61,4384.66,4388.89,15176
2016.08.02,4393.90,4400.14,4313.81,4329.81,28308
2016.08.03,4325.56,4349.04,4292.44,4335.18,26388
2016.08.04,4351.66,4360.66,4322.53,4349.99,27316
2016.08.05,4356.72,4416.62,4350.74,4401.92,19141
2016.08.08,4422.64,4441.05,4405.69,4412.19,15898
2016.08.09,4412.94,4468.35,4406.20,4448.92,15897
2016.08.10,4450.45,4465.73,4438.44,4446.06,18059
2016.08.11,4459.57,4507.21,4445.67,4500.95,20821
2016.08.12,4503.98,4510.08,4487.36,4493.62,16881
2016.08.15,4511.51,4527.66,4490.81,4490.81,10945
2016.08.16,4475.83,4499.49,4454.80,4456.55,20032
2016.08.17,4469.61,4480.87,4414.28,4444.84,20455
2016.08.18,4449.10,4449.37,4412.37,4432.03,12835
2016.08.19,4430.82,4438.07,4373.31,4410.16,19408
2016.08.22,4395.85,4443.63,4376.45,4401.52,25157
2016.08.23,4401.77,4436.27,4399.73,4413.86,18851
2016.08.24,4404.32,4454.07,4380.74,4425.36,22415
2016.08.25,4432.81,4433.84,4377.05,4391.69,24804
2016.08.26,4391.91,4456.12,4385.28,4421.49,26893
2016.08.29,4417.94,4438.48,4388.81,4436.65,15114
2016.08.30,4437.86,4475.08,4436.85,4456.53,20115
2016.08.31,4456.52,4486.50,4420.89,4438.64,21431
2016.09.01,4450.11,4491.11,4421.01,4455.02,25243
2016.09.02,4455.25,4553.76,4444.87,4548.51,28853
2016.09.05,4558.71,4566.40,4540.12,4544.61,17026
2016.09.06,4553.12,4561.84,4522.62,4536.77,20517
2016.09.07,4545.02,4561.74,4517.99,4547.25,20475
2016.09.08,4556.24,4569.72,4483.41,4541.76,31131
2016.09.09,4542.00,4546.01,4452.46,4452.71,30958
2016.09.12,4426.38,4487.94,4385.06,4487.69,38646
2016.09.13,4471.92,4472.17,4374.39,4399.36,39583
2016.09.14,4415.03,4417.27,4354.61,4363.37,27277
2016.09.15,4361.65,4389.92,4339.93,4383.67,24146
2016.09.16,4375.59,4380.92,4307.86,4339.87,32955
2016.09.19,4368.73,4399.44,4366.54,4374.67,23162
2016.09.20,4384.09,4420.06,4373.73,4386.55,23744
2016.09.21,4415.77,4451.36,4394.27,4437.01,27832
2016.09.22,4432.25,4529.05,4429.26,4506.73,25030
2016.09.23,4497.19,4500.24,4474.70,4475.45,21347
2016.09.26,4460.85,4464.44,4400.79,4405.89,25369
2016.09.27,4434.01,4440.29,4361.74,4411.94,26528
2016.09.28,4405.67,4474.10,4402.42,4472.60,29421
2016.09.29,4485.87,4505.41,4379.47,4395.22,35601
2016.09.30,4378.01,4463.47,4341.17,4452.75,39120
2016.10.03,4448.18,4464.97,4431.88,4451.30,14700
2016.10.04,4460.52,4521.22,4451.27,4467.56,34699
2016.10.05,4481.03,4499.93,4438.29,4495.22,26675
2016.10.06,4499.45,4511.92,4468.85,4496.85,27262
2016.10.07,4483.32,4488.85,4430.66,4451.64,39102
2016.10.10,4456.76,4506.15,4427.36,4500.14,22264
2016.10.11,4485.11,4520.14,4455.92,4467.41,27138
2016.10.12,4465.52,4473.73,4441.01,4460.10,27347
2016.10.13,4421.74,4430.80,4369.57,4424.04,31390
2016.10.14,4432.01,4497.71,4417.49,4472.20,26974
2016.10.17,4453.29,4474.73,4439.24,4453.37,26316
2016.10.18,4476.80,4518.58,4473.29,4510.33,20778
2016.10.19,4511.61,4528.44,4494.78,4518.21,14472
2016.10.20,4537.38,4553.31,4481.59,4545.51,18549
2016.10.21,4535.45,4555.54,4516.33,4543.97,21225
2016.10.24,4546.56,4579.81,4545.81,4558.33,15967
2016.10.25,4564.52,4571.36,4527.29,4539.29,19949
2016.10.26,4532.48,4539.83,4495.55,4525.49,24725
2016.10.27,4510.24,4557.02,4501.65,4525.88,28676
2016.10.28,4528.08,4553.78,4503.53,4516.20,36130
2016.10.31,4529.82,4539.76,4499.27,4510.68,14727
2016.11.01,4536.15,4539.40,4437.40,4451.89,29887
2016.11.02,4429.34,4448.89,4396.88,4414.12,31326
2016.11.03,4411.37,4456.34,4396.63,4405.98,30054
2016.11.04,4411.93,4412.43,4347.35,4354.10,29939
2016.11.07,4437.86,4464.71,4427.85,4463.19,17449
2016.11.08,4452.10,4502.25,4445.42,4492.75,22787
2016.11.09,4312.75,4566.66,4288.75,4552.91,72934
2016.11.10,4569.64,4606.24,4502.27,4543.14,57229
2016.11.11,4546.15,4554.40,4472.13,4498.73,43018
2016.11.14,4526.92,4561.06,4490.94,4522.17,43275
2016.11.15,4517.68,4552.91,4503.22,4552.66,29014
2016.11.16,4554.12,4554.87,4479.26,4497.77,26543
2016.11.17,4506.25,4543.27,4482.04,4542.77,19480
2016.11.18,4539.24,4551.27,4496.33,4502.40,26170
2016.11.21,4515.05,4549.83,4478.24,4549.58,22591
2016.11.22,4569.34,4572.09,4540.19,4564.19,19387
2016.11.23,4563.74,4564.24,4508.20,4537.33,24048
2016.11.24,4536.18,4552.16,4518.95,4546.10,13786
2016.11.25,4551.31,4565.74,4522.54,4559.49,12092
2016.11.28,4549.86,4549.86,4497.99,4500.67,21331
2016.11.29,4505.58,4563.84,4493.59,4552.09,23127
2016.11.30,4556.58,4597.35,4546.08,4567.14,26385
2016.12.01,4567.88,4583.13,4538.97,4541.22,30275
2016.12.02,4535.47,4545.79,4489.21,4525.24,26078
2016.12.05,4485.07,4605.76,4470.56,4582.02,37094
2016.12.06,4585.49,4667.49,4557.86,4657.49,23086
2016.12.07,4668.96,4738.35,4658.03,4721.35,23322
2016.12.08,4719.59,4754.49,4684.80,4738.92,36884
2016.12.09,4742.92,4789.01,4736.54,4783.00,21849
2016.12.12,4787.86,4788.11,4745.69,4750.94,22456
2016.12.13,4753.46,4812.95,4747.21,4799.20,22090
2016.12.14,4797.47,4807.14,4759.90,4762.40,26115
2016.12.15,4775.15,4832.78,4770.15,4816.53,26428
2016.12.16,4817.28,4856.75,4803.74,4822.76,24176
2016.12.19,4834.82,4836.57,4811.53,4816.20,14667
2016.12.20,4822.22,4852.44,4814.48,4844.39,13579
2016.12.21,4833.29,4851.44,4820.67,4835.41,11735
2016.12.22,4827.94,4841.68,4818.05,4829.02,10511
2016.12.23,4833.55,4844.80,4824.75,4837.94,7620
2016.12.27,4834.21,4852.30,4832.96,4840.55,4602
2016.12.28,4846.84,4852.59,4823.17,4827.18,8271
2016.12.29,4833.71,4845.30,4820.47,4829.63,10466
2016.12.30,4836.93,4864.20,4823.08,4849.95,13150
2017.01.02,4845.64,4853.74,4841.10,4851.15,924
2017.01.03,4890.43,4929.45,4888.09,4906.59,19909
2017.01.04,4913.05,4918.54,4879.16,4904.42,14324
2017.01.05,4889.42,4905.61,4873.90,4897.36,16282
2017.01.06,4895.64,4916.24,4873.93,4910.99,15781
2017.01.09,4922.48,4923.98,4867.44,4885.40,13230
2017.01.10,4881.15,4907.66,4867.84,4881.16,12698
2017.01.11,4887.67,4916.83,4855.84,4898.52,22282
2017.01.12,4879.50,4891.09,4856.39,4887.59,19718
2017.01.13,4893.60,4924.36,4881.59,4907.57,15620
2017.01.16,4894.09,4910.40,4878.42,4880.65,10900
2017.01.17,4874.08,4888.80,4840.90,4864.51,22210
2017.01.18,4877.52,4880.28,4825.82,4859.73,14160
2017.01.19,4861.97,4867.69,4822.63,4831.63,14641
2017.01.20,4841.16,4869.17,4818.09,4851.73,22765
2017.01.23,4827.87,4842.91,4797.87,4833.95,18335
2017.01.24,4835.19,4855.85,4815.85,4849.10,15184
2017.01.25,4848.58,4889.87,4847.33,4877.37,15725
2017.01.26,4886.38,4901.90,4854.27,4861.20,17454
2017.01.27,4866.68,4871.70,4828.18,4840.95,17221
2017.01.30,4824.76,4831.26,4771.41,4801.22,18673
2017.01.31,4785.56,4812.95,4746.39,4765.88,20986
2017.02.01,4786.46,4824.28,4777.46,4796.80,20324
2017.02.02,4780.24,4812.62,4772.53,4807.17,21636
2017.02.03,4792.78,4847.91,4792.78,4828.94,18277
2017.02.06,4822.72,4842.37,4764.69,4775.93,21196
2017.02.07,4766.60,4788.37,4746.58,4762.57,17389
2017.02.08,4767.28,4790.91,4733.37,4774.69,21948
2017.02.09,4778.89,4832.21,4767.36,4825.96,19898
2017.02.10,4841.70,4847.44,4814.12,4834.30,19729
2017.02.13,4833.40,4906.70,4833.40,4884.74,13580
2017.02.14,4885.51,4911.54,4876.96,4907.79,15430
2017.02.15,4914.33,4935.11,4901.59,4932.61,13512
2017.02.16,4926.13,4930.40,4889.19,4902.62,14020
2017.02.17,4895.10,4902.28,4842.29,4878.38,21794
2017.02.20,4890.43,4904.94,4855.27,4863.95,12125
2017.02.21,4870.46,4900.73,4848.63,4898.98,17363
2017.02.22,4897.03,4922.50,4865.65,4902.78,19295
2017.02.23,4901.76,4916.45,4879.49,4896.19,17936
2017.02.24,4888.86,4890.85,4805.67,4863.23,22147
2017.02.27,4865.11,4869.57,4832.69,4862.16,18591
2017.02.28,4858.89,4866.95,4835.54,4859.19,15434
2017.03.01,4874.43,4974.20,4872.46,4957.45,19281
2017.03.02,4961.92,4973.04,4954.45,4962.58,15208
2017.03.03,4949.29,5011.23,4946.26,4998.98,19003
2017.03.06,4988.90,4993.89,4960.07,4987.50,13736
2017.03.07,4990.49,4990.49,4940.48,4952.93,12461
2017.03.08,4947.68,4976.02,4931.56,4949.64,17375
2017.03.09,4950.65,4988.83,4938.70,4986.81,21016
2017.03.10,4998.56,5021.67,4981.19,4996.19,20604
2017.03.13,4996.75,5012.73,4985.30,5010.77,12633
2017.03.14,5012.30,5013.30,4957.52,4976.32,15084
2017.03.15,4981.29,5006.37,4965.55,5003.87,14452
2017.03.16,5017.84,5035.41,5003.59,5017.25,13661
2017.03.17,5012.53,5039.18,5000.07,5029.54,16284
2017.03.20,5012.47,5029.83,5002.27,5008.40,13033
2017.03.21,5018.13,5055.65,4979.18,4986.94,25388
2017.03.22,4972.97,5006.38,4951.96,4998.63,24968
2017.03.23,5003.85,5033.35,4979.72,5019.54,22044
2017.03.24,5027.36,5031.15,5003.37,5021.97,22749
2017.03.27,4990.00,5028.01,4969.45,5023.01,21712
2017.03.28,5031.03,5065.59,5008.05,5062.34,15969
2017.03.29,5062.85,5073.83,5043.74,5071.12,16180
2017.03.30,5068.83,5092.30,5062.51,5086.87,12322
2017.03.31,5078.42,5131.21,5066.92,5121.72,12376
2017.04.03,5124.22,5137.96,5064.62,5101.93,18162
2017.04.04,5091.50,5111.30,5075.51,5111.05,16731
2017.04.05,5112.13,5123.69,5068.40,5068.40,20373
2017.04.06,5061.76,5126.60,5050.87,5118.14,21553
2017.04.07,5104.40,5146.49,5097.65,5136.27,20909
2017.04.10,5135.81,5140.55,5095.88,5105.42,13933
2017.04.11,5101.08,5119.57,5066.67,5115.14,22853
2017.04.12,5115.29,5143.40,5090.05,5093.55,22353
2017.04.13,5100.95,5100.95,5052.62,5068.65,19720
2017.04.18,5090.26,5093.26,4967.23,4986.89,24449
2017.04.19,4988.29,5010.96,4979.08,4985.34,15946
2017.04.20,4993.66,5094.78,4985.89,5079.29,14903
2017.04.21,5064.29,5082.41,5027.40,5078.77,21378
2017.04.24,5178.46,5346.28,5176.96,5280.48,25765
2017.04.25,5266.13,5293.53,5258.76,5281.91,15028
2017.04.26,5288.93,5296.60,5265.23,5265.48,15494
2017.04.27,5269.51,5279.77,5261.54,5275.51,14005
2017.04.28,5267.28,5288.00,5260.79,5260.87,11983
2017.05.02,5264.97,5315.23,5264.47,5313.30,10678
2017.05.03,5304.31,5308.04,5281.95,5302.08,11207
2017.05.04,5309.45,5383.93,5302.74,5383.68,15961
2017.05.05,5347.22,5475.47,5341.71,5468.73,17480
2017.05.08,5466.84,5466.84,5373.21,5389.81,18013
2017.05.09,5393.99,5415.47,5383.21,5397.70,12928
2017.05.10,5391.37,5405.79,5376.84,5405.54,12227
2017.05.11,5404.77,5410.97,5355.50,5398.83,17242
2017.05.12,5387.09,5413.53,5375.30,5412.53,13261
2017.05.15,5420.02,5426.93,5383.19,5423.94,12343
2017.05.16,5398.61,5417.01,5385.65,5409.86,13782
2017.05.17,5384.19,5395.12,5271.42,5273.67,21722
2017.05.18,5286.71,5320.71,5237.66,5302.92,27359
2017.05.19,5301.97,5334.73,5289.98,5326.27,18159
2017.05.22,5334.73,5340.77,5314.83,5329.82,14584
2017.05.23,5318.83,5369.11,5311.82,5356.31,18431
2017.05.24,5341.92,5352.71,5324.91,5345.74,13825
2017.05.25,5362.49,5376.98,5320.82,5335.37,17196
2017.05.26,5329.90,5339.95,5281.40,5338.95,16390
2017.05.29,5340.90,5342.40,5315.91,5332.23,6175
2017.05.30,5312.94,5313.18,5270.58,5303.11,16912
2017.05.31,5292.20,5334.85,5278.67,5285.40,21451
2017.06.01,5298.11,5342.48,5286.15,5341.48,17830
2017.06.02,5354.26,5373.21,5327.01,5352.02,20955
2017.06.05,5337.58,5342.51,5299.61,5310.39,6291
2017.06.06,5297.71,5298.21,5255.36,5265.35,18136
2017.06.07,5268.08,5320.80,5251.27,5276.54,19524
2017.06.08,5279.49,5290.91,5250.15,5276.92,24432
2017.06.09,5274.70,5323.98,5265.24,5289.49,27353
2017.06.12,5276.71,5287.96,5224.16,5236.65,24643
2017.06.13,5241.35,5287.19,5240.35,5282.44,15854
2017.06.14,5275.22,5314.97,5234.72,5256.97,21132
2017.06.15,5247.39,5247.64,5175.36,5226.05,21499
2017.06.16,5243.30,5273.36,5234.76,5271.82,20044
2017.06.19,5283.68,5331.19,5283.43,5322.14,16525
2017.06.20,5326.18,5339.94,5276.99,5286.96,17103
2017.06.21,5274.52,5287.04,5222.59,5266.73,24421
2017.06.22,5269.25,5286.30,5231.95,5269.73,17608
2017.06.23,5267.70,5285.69,5245.85,5266.69,17388
2017.06.26,5273.48,5323.51,5273.48,5296.17,17200
2017.06.27,5292.92,5294.17,5226.48,5230.47,24637
2017.06.28,5228.48,5274.99,5202.70,5259.83,26888
2017.06.29,5281.64,5281.64,5120.56,5145.06,33676
2017.06.30,5158.81,5192.92,5110.91,5150.12,26746
2017.07.03,5165.01,5200.71,5147.01,5177.82,16177
2017.07.04,5167.23,5197.99,5162.76,5180.28,11723
2017.07.05,5182.63,5192.43,5158.63,5191.68,22660
2017.07.06,5186.40,5186.40,5110.72,5139.89,26245
2017.07.07,5152.09,5160.81,5125.65,5153.80,18703
2017.07.10,5173.64,5179.24,5147.25,5172.62,14511
2017.07.11,5173.58,5186.65,5134.38,5163.62,16134
2017.07.12,5161.80,5239.30,5154.32,5222.74,17507
2017.07.13,5225.99,5260.40,5220.49,5243.62,15064
2017.07.14,5243.60,5247.82,5214.99,5241.07,13030
2017.07.17,5244.23,5249.97,5212.87,5228.91,14967
2017.07.18,5222.60,5234.61,5163.92,5188.80,20705
2017.07.19,5194.23,5229.97,5172.80,5226.72,14047
2017.07.20,5233.38,5251.43,5176.26,5198.67,17639
2017.07.21,5187.61,5208.86,5093.62,5141.55,22785
2017.07.24,5135.56,5145.19,5093.22,5141.69,19139
2017.07.25,5144.37,5193.70,5128.39,5165.44,19480
2017.07.26,5154.69,5208.76,5153.94,5174.41,18782
2017.07.27,5180.90,5218.45,5149.75,5169.50,25561
2017.07.28,5151.22,5151.97,5104.39,5128.18,21846
2017.07.31,5125.37,5148.35,5079.73,5085.44,18749
2017.08.01,5104.42,5148.95,5085.80,5125.35,16604
2017.08.02,5133.83,5137.58,5093.89,5116.78,20494
2017.08.03,5112.99,5142.97,5082.98,5125.32,19295
2017.08.04,5120.56,5216.34,5115.81,5202.17,18885
2017.08.07,5207.52,5221.03,5194.41,5205.20,12346
2017.08.08,5192.68,5232.25,5184.80,5191.30,16246
2017.08.09,5180.77,5183.36,5120.92,5153.98,26831
2017.08.10,5138.67,5149.06,5083.32,5086.32,29310
2017.08.11,5085.76,5086.31,5045.41,5054.61,27625
2017.08.14,5081.30,5136.12,5077.80,5120.57,17589
2017.08.15,5136.28,5158.63,5122.51,5143.28,17555
2017.08.16,5141.77,5199.96,5140.27,5159.38,16540
2017.08.17,5161.90,5180.95,5104.78,5106.53,23329
2017.08.18,5105.92,5127.91,5074.94,5105.39,28016
2017.08.21,5104.88,5109.45,5065.35,5085.76,22799
2017.08.22,5105.21,5138.75,5100.50,5138.00,17090
2017.08.23,5134.45,5148.72,5104.14,5122.16,21337
2017.08.24,5117.87,5136.37,5106.72,5110.22,19838
2017.08.25,5121.68,5141.25,5097.22,5099.14,20800
2017.08.28,5089.73,5106.09,5064.74,5074.85,12794
2017.08.29,5044.07,5057.74,4992.66,5055.99,28050
2017.08.30,5064.42,5075.17,5045.14,5069.91,16492
2017.08.31,5076.62,5104.51,5067.60,5090.89,16585
2017.09.01,5108.85,5138.51,5108.35,5125.60,16949
2017.09.04,5101.64,5114.97,5082.14,5109.43,11014
2017.09.05,5102.66,5125.99,5047.47,5060.47,25468
2017.09.06,5058.93,5133.31,5048.16,5121.81,24532
2017.09.07,5112.94,5148.47,5102.21,5119.28,28192
2017.09.08,5097.99,5117.42,5086.05,5108.27,19291
2017.09.11,5134.13,5189.00,5134.13,5186.51,14964
2017.09.12,5188.62,5218.92,5182.03,5210.12,15224
2017.09.13,5206.45,5226.55,5197.34,5215.06,11280
2017.09.14,5209.25,5233.41,5200.55,5231.16,12698
2017.09.15,5221.37,5235.76,5200.18,5218.96,16943
2017.09.18,5221.00,5241.12,5219.96,5225.57,13527
2017.09.19,5226.09,5238.28,5218.61,5228.79,12822
2017.09.20,5229.31,5274.22,5225.59,5268.11,15069
2017.09.21,5267.06,5278.15,5256.70,5275.36,15079
2017.09.22,5275.62,5295.93,5254.97,5285.80,15878
2017.09.25,5276.39,5286.45,5257.17,5270.52,18660
2017.09.26,5271.05,5274.42,5254.20,5267.88,15132
2017.09.27,5267.62,5300.09,5266.30,5283.97,17093
2017.09.28,5282.39,5298.77,5277.91,5293.00,14620
2017.09.29,5292.47,5330.51,5283.96,5327.01,14170
2017.10.02,5328.58,5357.90,5325.99,5356.58,14490
2017.10.03,5356.05,5375.11,5350.80,5372.73,6193
2017.10.04,5373.26,5376.15,5344.50,5357.29,11898
2017.10.05,5356.23,5385.08,5354.63,5380.52,11998
2017.10.06,5379.99,5385.03,5349.55,5371.37,11854
2017.10.09,5365.14,5378.19,5350.73,5354.19,9677
2017.10.10,5353.66,5378.39,5350.35,5374.39,14472
2017.10.11,5371.12,5377.63,5337.44,5361.49,10752
2017.10.12,5360.97,5367.32,5341.78,5355.80,9345
2017.10.13,5354.22,5372.08,5344.23,5357.18,10823
2017.10.16,5357.12,5371.08,5346.26,5365.96,10271
2017.10.17,5365.43,5376.11,5346.88,5359.21,8331
2017.10.18,5359.20,5393.78,5358.66,5384.41,7711
2017.10.19,5383.89,5384.41,5342.40,5372.93,13469
2017.10.20,5372.40,5398.38,5367.51,5373.39,11804
2017.10.23,5374.40,5408.97,5359.77,5370.59,10843
2017.10.24,5370.07,5413.08,5369.54,5391.51,12721
2017.10.25,5390.98,5415.85,5354.27,5386.56,18526
2017.10.26,5387.09,5473.08,5374.66,5470.41,19200
2017.10.27,5469.88,5512.98,5461.33,5495.80,18482
2017.10.30,5489.41,5507.02,5481.40,5488.45,13277
2017.10.31,5485.91,5511.73,5483.24,5508.04,8846
2017.11.01,5506.54,5536.51,5503.33,5515.00,16552
2017.11.02,5511.39,5520.19,5484.92,5517.01,16115
2017.11.03,5513.97,5522.27,5497.17,5517.24,12603
2017.11.06,5510.43,5517.87,5496.23,5514.29,7345
2017.11.07,5511.10,5526.33,5467.02,5477.11,14566
2017.11.08,5473.93,5496.03,5451.43,5467.65,14467
2017.11.09,5469.24,5479.77,5370.89,5404.51,27337
2017.11.10,5402.42,5415.85,5373.82,5382.07,18959
2017.11.13,5380.11,5391.64,5300.18,5345.54,15836
2017.11.14,5344.24,5365.78,5300.89,5317.63,19803
2017.11.15,5316.08,5316.08,5265.10,5298.27,24023
2017.11.16,5297.75,5351.37,5296.20,5343.86,13028
2017.11.17,5338.78,5349.76,5304.26,5315.13,14915
2017.11.20,5312.23,5347.91,5277.65,5340.00,17216
2017.11.21,5338.96,5386.84,5325.80,5362.63,15295
2017.11.22,5361.60,5390.41,5343.31,5344.85,14755
2017.11.23,5344.33,5391.46,5328.94,5377.22,13540
2017.11.24,5378.66,5420.53,5373.20,5387.86,14563
2017.11.27,5392.90,5408.52,5357.53,5367.41,17683
2017.11.28,5365.87,5420.58,5354.64,5410.52,19141
2017.11.29,5410.51,5441.55,5388.46,5397.70,21290
2017.11.30,5397.19,5429.95,5361.06,5366.11,23149
2017.12.01,5363.06,5380.21,5296.40,5340.04,39494
2017.12.04,5374.82,5405.69,5349.17,5369.13,25974
2017.12.05,5363.79,5395.78,5347.55,5356.29,25193
2017.12.06,5354.25,5385.93,5314.74,5371.36,25005
2017.12.07,5369.83,5396.17,5364.63,5394.23,19017
2017.12.08,5394.74,5425.23,5391.14,5407.71,16297
2017.12.11,5408.26,5418.22,5381.24,5408.40,13259
2017.12.12,5407.89,5427.12,5358.31,5420.90,15852
2017.12.13,5419.89,5428.73,5382.04,5387.32,13794
2017.12.14,5386.31,5400.30,5330.46,5332.47,16049
2017.12.15,5332.97,5370.01,5329.19,5361.76,17119
2017.12.18,5374.69,5427.71,5374.19,5420.60,15242
2017.12.19,5413.85,5420.36,5375.94,5380.45,13297
2017.12.20,5379.95,5392.99,5336.71,5340.97,18708
2017.12.21,5340.98,5390.00,5320.48,5363.73,13824
2017.12.22,5363.23,5386.24,5354.21,5372.02,10761
2017.12.27,5356.75,5387.84,5350.99,5362.03,12076
2017.12.28,5360.03,5370.53,5330.19,5335.70,9533
2017.12.29,5334.21,5346.15,5297.01,5300.01,10628
2018.01.02,5294.46,5328.66,5255.69,5283.60,15207
2018.01.03,5284.09,5348.68,5281.15,5337.77,14379
2018.01.04,5339.74,5430.29,5336.78,5409.61,13626
2018.01.05,5410.11,5476.58,5407.62,5471.32,14031
2018.01.08,5478.24,5498.85,5474.74,5490.61,13404
2018.01.09,5489.61,5534.56,5480.09,5527.03,12847
2018.01.10,5526.52,5530.54,5485.28,5499.15,20094
2018.01.11,5497.15,5516.89,5477.72,5506.01,18081
2018.01.12,5505.51,5520.63,5485.38,5512.10,17083
2018.01.15,5523.54,5529.96,5500.17,5506.58,10590
2018.01.16,5511.82,5535.81,5473.51,5488.60,20915
2018.01.17,5487.61,5520.53,5478.20,5507.30,18326
2018.01.18,5506.07,5518.41,5473.53,5488.52,17740
2018.01.19,5489.01,5535.41,5478.73,5535.16,17982
2018.01.22,5519.53,5558.98,5511.08,5552.45,15257
2018.01.23,5551.47,5580.74,5520.62,5532.13,18147
2018.01.24,5530.18,5541.70,5478.55,5499.21,21688
2018.01.25,5497.27,5525.75,5453.77,5497.29,25748
2018.01.26,5497.77,5553.64,5490.68,5553.64,17463
2018.01.29,5553.47,5562.70,5513.78,5519.56,17361
2018.01.30,5520.53,5529.23,5463.49,5469.39,28166
2018.01.31,5469.88,5497.20,5468.42,5478.64,21981
2018.02.01,5481.86,5529.12,5430.88,5460.34,31116
2018.02.02,5465.66,5473.88,5321.93,5328.93,37900
2018.02.05,5291.77,5338.29,5032.30,5085.39,46492
2018.02.06,5086.84,5285.47,4895.87,5256.85,118630
2018.02.07,5260.51,5283.53,5168.11,5215.52,55331
2018.02.08,5208.19,5248.94,5099.69,5134.56,62278
2018.02.09,5130.59,5166.65,4974.03,5106.05,75989
2018.02.12,5128.75,5178.04,5110.74,5164.33,50985
2018.02.13,5166.26,5177.40,5105.78,5133.31,40938
2018.02.14,5132.33,5203.87,5079.78,5185.29,41557
2018.02.15,5183.84,5255.08,5179.99,5230.39,33345
2018.02.16,5228.47,5298.26,5225.59,5279.98,31709
2018.02.19,5288.12,5308.03,5247.11,5254.10,14802
2018.02.20,5251.34,5292.75,5239.23,5261.43,30962
2018.02.21,5259.97,5319.69,5244.46,5262.98,30550
2018.02.22,5262.73,5321.81,5233.50,5311.40,37740
2018.02.23,5309.44,5340.06,5291.73,5335.81,26414
2018.02.26,5344.62,5377.07,5327.62,5373.69,18973
2018.02.27,5372.72,5377.00,5311.96,5322.61,32212
2018.02.28,5320.67,5357.23,5290.57,5303.73,31762
2018.03.01,5302.27,5316.99,5193.82,5229.62,55782
2018.03.02,5228.15,5239.36,5120.32,5180.86,45792
2018.03.05,5157.69,5194.91,5101.55,5187.56,41699
2018.03.06,5188.51,5216.32,5164.78,5177.36,34167
2018.03.07,5131.24,5205.40,5101.53,5191.56,43404
2018.03.08,5193.22,5264.18,5186.06,5251.29,29503
2018.03.09,5248.41,5292.61,5240.15,5282.69,25146
2018.03.12,5277.83,5306.59,5257.12,5267.48,21842
2018.03.13,5264.85,5311.73,5204.17,5217.91,29134
2018.03.14,5212.34,5273.17,5203.62,5246.21,33679
2018.03.15,5242.76,5274.81,5224.20,5272.55,25028
2018.03.16,5268.85,5299.36,5252.64,5278.50,23415
2018.03.19,5266.17,5269.51,5194.36,5227.37,32161
2018.03.20,5222.99,5259.92,5207.46,5257.16,26703
2018.03.21,5254.93,5264.08,5208.77,5220.27,27020
2018.03.22,5220.47,5235.34,5105.50,5113.75,35066
2018.03.23,5105.93,5128.92,5040.95,5046.20,44702
2018.03.26,5042.26,5126.75,5035.32,5108.12,33379
2018.03.27,5105.16,5148.74,5037.80,5057.61,33441
2018.03.28,5057.12,5159.24,5036.82,5138.31,47128
2018.03.29,5141.74,5196.27,5123.03,5179.25,30449
2018.04.03,5131.92,5176.84,5117.61,5167.11,27686
2018.04.04,5166.12,5193.74,5093.60,5188.35,35573
2018.04.05,5189.57,5282.23,5186.38,5265.22,23295
2018.04.06,5266.70,5282.55,5185.00,5221.34,37994
2018.04.09,5230.16,5289.61,5230.16,5262.95,25839
2018.04.10,5260.94,5326.21,5248.41,5295.19,33719
2018.04.11,5289.74,5303.00,5263.20,5270.34,23015
2018.04.12,5270.84,5312.30,5265.73,5310.31,21873
2018.04.13,5306.08,5338.91,5288.44,5314.91,20608
2018.04.16,5347.41,5352.41,5298.01,5322.22,18052
2018.04.17,5316.88,5370.47,5315.39,5351.18,15091
2018.04.18,5350.19,5387.18,5348.96,5386.93,13896
2018.04.19,5388.41,5397.80,5376.00,5391.05,15434
2018.04.20,5388.31,5425.77,5379.90,5401.45,18969
2018.04.23,5428.13,5441.29,5391.19,5435.59,17318
2018.04.24,5431.52,5451.19,5388.23,5409.56,21246
2018.04.25,5405.47,5441.91,5387.14,5431.53,26732
2018.04.26,5434.15,5487.13,5405.83,5478.49,21387
2018.04.27,5483.07,5486.20,5453.42,5476.22,18849
2018.04.30,5487.66,5521.36,5472.00,5496.36,15944
2018.05.02,5507.62,5538.23,5503.21,5507.12,16277
2018.05.03,5496.70,5526.91,5488.45,5523.33,20453
2018.05.04,5517.78,5527.23,5485.55,5522.99,17414
2018.05.07,5521.25,5544.03,5503.02,5519.60,11032
2018.05.08,5520.12,5531.77,5494.90,5524.96,16184
2018.05.09,5523.41,5546.74,5510.72,5537.52,12968
2018.05.10,5538.03,5555.83,5522.32,5541.55,12465
2018.05.11,5521.29,5544.72,5520.30,5536.43,11854
2018.05.14,5547.04,5553.48,5520.69,5529.30,11067
2018.05.15,5528.29,5563.47,5517.37,5549.85,14281
2018.05.16,5551.90,5582.46,5539.40,5577.24,12623
2018.05.17,5577.49,5624.17,5567.58,5607.83,12812
2018.05.18,5608.34,5641.74,5601.71,5608.73,14355
2018.05.21,5639.10,5657.36,5624.93,5638.78,8558
2018.05.22,5627.76,5652.99,5620.40,5634.35,12800
2018.05.23,5633.33,5636.41,5542.77,5571.24,17885
2018.05.24,5570.24,5598.09,5521.79,5568.21,18023
2018.05.25,5567.71,5590.88,5518.80,5539.25,18858
2018.05.28,5544.39,5577.33,5491.81,5507.37,12835
2018.05.29,5499.42,5509.96,5386.53,5426.78,35836
2018.05.30,5404.10,5456.10,5385.21,5435.06,27296
2018.05.31,5428.36,5452.96,5380.36,5420.25,26218
2018.06.01,5419.71,5485.55,5416.21,5482.04,19465
2018.06.04,5475.07,5501.77,5463.88,5466.36,14956
2018.06.05,5462.19,5512.35,5453.11,5461.29,15209
2018.06.06,5458.89,5486.67,5419.46,5484.70,16769
2018.06.07,5483.71,5500.15,5407.18,5422.78,18175
2018.06.08,5419.36,5470.34,5404.22,5459.58,21931
2018.06.11,5438.78,5475.33,5430.89,5458.89,7194
