2012.08.06,2400.50,2402.50,2399.50,2400.50,25
2012.08.07,2396.50,2452.00,2390.50,2440.00,1768
2012.08.08,2438.00,2440.00,2412.00,2434.00,1545
2012.08.09,2444.00,2454.00,2410.00,2430.50,1750
2012.08.10,2418.00,2432.00,2405.00,2432.00,1515
2012.08.13,2420.00,2438.00,2401.00,2418.00,1441
2012.08.14,2429.00,2440.00,2417.00,2425.50,1442
2012.08.15,2419.00,2439.00,2413.00,2430.50,1176
2012.08.16,2441.00,2465.00,2418.00,2461.00,1153
2012.08.17,2465.00,2476.00,2459.00,2474.00,1335
2012.08.20,2473.00,2492.50,2449.50,2470.00,1340
2012.08.21,2472.50,2493.50,2468.50,2476.50,1172
2012.08.22,2469.50,2478.50,2449.50,2462.50,1707
2012.08.23,2474.50,2476.50,2412.50,2422.00,1796
2012.08.24,2423.50,2440.00,2404.00,2431.00,1581
2012.08.27,2431.50,2462.00,2419.00,2449.00,1214
2012.08.28,2447.00,2457.50,2431.50,2442.00,1838
2012.08.29,2444.50,2448.50,2422.50,2433.50,1429
2012.08.30,2420.50,2431.50,2395.50,2400.50,1362
2012.08.31,2402.50,2445.50,2396.50,2433.50,2037
2012.09.03,2427.50,2468.50,2425.50,2464.50,1431
2012.09.04,2459.50,2467.50,2432.50,2446.00,1693
2012.09.05,2439.50,2459.50,2418.50,2435.50,2154
2012.09.06,2445.50,2530.50,2442.50,2525.50,2405
2012.09.07,2526.50,2566.50,2525.50,2542.00,2081
2012.09.10,2533.50,2540.50,2514.50,2516.50,1456
2012.09.11,2511.50,2560.50,2508.50,2555.50,1654
2012.09.12,2558.50,2591.50,2552.50,2561.00,2426
2012.09.13,2561.50,2586.50,2531.50,2577.50,2256
2012.09.14,2593.50,2605.50,2579.50,2583.50,2571
2012.09.17,2580.50,2589.50,2575.50,2578.50,1720
2012.09.18,2577.50,2577.50,2540.50,2553.50,2326
2012.09.19,2566.50,2573.50,2544.50,2567.00,2239
2012.09.20,2553.50,2557.00,2535.50,2556.00,1661
2012.09.21,2569.00,2580.00,2551.00,2568.00,2107
2012.09.24,2553.50,2566.50,2544.50,2560.50,1556
2012.09.25,2561.50,2570.50,2535.50,2536.50,3446
2012.09.26,2540.50,2545.50,2495.00,2500.00,4132
2012.09.27,2517.00,2529.50,2495.50,2521.50,4182
2012.09.28,2526.50,2528.50,2454.00,2456.00,4800
2012.10.01,2443.00,2502.00,2442.00,2476.50,4094
2012.10.02,2481.00,2520.00,2478.00,2492.50,4408
2012.10.03,2488.00,2501.00,2480.00,2487.50,4542
2012.10.04,2502.00,2509.00,2478.00,2495.00,4416
2012.10.05,2497.00,2534.00,2492.00,2515.00,3814
2012.10.08,2512.00,2516.00,2495.00,2501.00,3138
2012.10.09,2507.00,2508.00,2460.00,2461.00,3746
2012.10.10,2460.50,2471.00,2442.50,2446.50,3754
2012.10.11,2444.50,2493.50,2438.50,2472.50,3170
2012.10.12,2478.50,2493.50,2463.50,2470.00,4102
2012.10.15,2465.50,2500.50,2460.50,2496.50,3440
2012.10.16,2500.50,2557.00,2499.00,2554.00,3288
2012.10.17,2553.50,2571.50,2551.50,2568.50,3824
2012.10.18,2572.50,2578.50,2553.50,2567.50,3388
2012.10.19,2568.50,2568.50,2523.50,2527.50,3854
2012.10.22,2533.50,2555.00,2523.00,2540.00,3266
2012.10.23,2535.00,2537.00,2465.50,2483.50,4216
2012.10.24,2489.50,2497.50,2459.50,2478.50,4482
2012.10.25,2494.50,2510.50,2475.50,2483.50,3814
2012.10.26,2459.50,2505.00,2458.50,2498.00,4570
2012.10.29,2490.00,2490.00,2467.00,2477.00,2538
2012.10.30,2474.00,2520.00,2474.00,2515.00,2082
2012.10.31,2513.00,2540.00,2498.00,2499.00,3894
2012.11.01,2502.00,2542.00,2493.00,2537.50,3392
2012.11.02,2538.00,2557.00,2522.00,2527.00,3894
2012.11.05,2528.00,2531.00,2511.00,2520.00,3274
2012.11.06,2524.00,2548.00,2518.00,2540.50,2908
2012.11.07,2545.00,2561.00,2484.00,2494.00,4988
2012.11.08,2495.00,2501.00,2469.00,2470.00,5114
2012.11.09,2486.00,2487.00,2442.00,2474.50,5206
2012.11.12,2480.50,2484.50,2464.50,2478.50,3346
2012.11.13,2464.50,2492.50,2446.50,2474.50,4560
2012.11.14,2483.50,2499.50,2445.50,2449.50,4664
2012.11.15,2448.50,2472.50,2447.50,2455.00,4730
2012.11.16,2454.50,2460.50,2427.50,2439.50,5518
2012.11.19,2451.50,2497.50,2448.50,2495.00,2960
2012.11.20,2489.50,2513.50,2481.50,2508.50,3912
2012.11.21,2494.50,2519.50,2490.50,2516.50,3356
2012.11.22,2526.50,2536.50,2524.50,2534.00,2062
2012.11.23,2536.00,2563.00,2523.00,2556.00,2806
2012.11.26,2549.00,2554.00,2538.00,2552.00,2564
2012.11.27,2561.00,2563.00,2533.00,2534.00,3458
2012.11.28,2531.00,2564.00,2520.00,2560.50,3758
2012.11.29,2568.00,2582.00,2561.00,2577.50,3724
2012.11.30,2577.00,2592.00,2576.00,2582.00,2984
2012.12.03,2583.00,2606.00,2573.50,2578.00,3236
2012.12.04,2575.50,2601.50,2575.50,2592.00,3000
2012.12.05,2608.00,2611.00,2580.00,2601.00,3198
2012.12.06,2596.00,2619.00,2590.00,2616.00,3800
2012.12.07,2614.00,2616.00,2590.00,2607.00,3674
2012.12.10,2604.00,2604.00,2565.00,2602.00,2448
2012.12.11,2601.00,2627.50,2597.00,2625.50,2414
2012.12.12,2627.50,2644.00,2622.00,2629.00,2600
2012.12.13,2628.00,2638.00,2614.50,2621.50,2678
2012.12.14,2623.50,2633.50,2620.50,2626.50,2294
2012.12.17,2631.50,2635.00,2611.00,2635.00,2036
2012.12.18,2641.00,2653.00,2631.00,2653.00,1604
2012.12.19,2652.00,2661.30,2648.30,2649.30,1812
2012.12.20,2645.30,2671.00,2643.30,2667.00,2424
2012.12.21,2631.50,2663.50,2631.50,2663.50,3326
2012.12.27,2646.50,2667.50,2644.50,2664.50,2196
2012.12.28,2662.50,2668.50,2595.50,2606.50,6018
2013.01.02,2673.50,2708.00,2673.50,2708.00,2880
2013.01.03,2701.00,2706.50,2687.50,2695.50,1628
2013.01.04,2694.50,2718.50,2689.50,2713.50,2498
2013.01.07,2706.50,2712.50,2690.50,2693.50,1720
2013.01.08,2686.50,2709.50,2681.50,2694.50,1814
2013.01.09,2696.50,2709.50,2690.50,2702.50,1594
2013.01.10,2712.50,2724.50,2699.50,2717.50,2582
2013.01.11,2717.00,2723.50,2701.50,2722.50,2524
2013.01.14,2728.50,2733.50,2706.50,2717.50,2068
2013.01.15,2707.00,2715.00,2689.00,2712.00,2566
2013.01.16,2704.00,2705.00,2684.00,2697.00,2376
2013.01.17,2693.00,2726.50,2693.00,2714.50,2468
2013.01.18,2718.50,2728.50,2707.50,2719.50,2716
2013.01.21,2716.50,2725.50,2711.50,2725.50,996
2013.01.22,2720.50,2726.50,2696.50,2726.50,2400
2013.01.23,2723.50,2725.50,2702.50,2711.50,1766
2013.01.24,2702.50,2723.50,2698.50,2716.50,2100
2013.01.25,2717.50,2750.50,2715.50,2750.50,2978
2013.01.28,2752.50,2753.50,2741.50,2748.50,1736
2013.01.29,2751.50,2751.50,2730.50,2747.50,1942
2013.01.30,2746.50,2752.50,2723.50,2729.50,2394
2013.01.31,2725.50,2727.50,2693.50,2696.50,2648
2013.02.01,2703.50,2717.50,2698.50,2715.50,3026
2013.02.04,2714.50,2714.50,2610.50,2617.50,3160
2013.02.05,2620.50,2660.00,2614.50,2645.00,2364
2013.02.06,2653.00,2657.00,2603.50,2625.50,3390
2013.02.07,2619.50,2639.50,2590.50,2603.50,3958
2013.02.08,2608.50,2635.50,2597.50,2633.50,2498
2013.02.11,2636.50,2640.50,2611.50,2620.50,2274
2013.02.12,2616.50,2653.50,2613.50,2644.50,2584
2013.02.13,2645.50,2666.50,2640.50,2654.50,2654
2013.02.14,2650.50,2664.50,2624.70,2637.70,2918
2013.02.15,2633.70,2641.60,2600.60,2611.60,3146
2013.02.18,2615.60,2621.80,2595.60,2619.80,1714
2013.02.19,2616.80,2662.80,2607.80,2662.80,2926
2013.02.20,2663.80,2667.80,2626.00,2626.00,2744
2013.02.21,2622.00,2623.00,2574.50,2584.50,4342
2013.02.22,2592.50,2646.50,2588.50,2645.50,3496
2013.02.25,2647.50,2700.00,2566.50,2571.00,7458
2013.02.26,2567.00,2604.00,2556.00,2580.00,6640
2013.02.27,2575.00,2630.00,2562.00,2625.00,4996
2013.02.28,2627.00,2646.00,2608.00,2629.00,3750
2013.03.01,2622.00,2634.00,2587.00,2620.00,4872
2013.03.04,2602.00,2638.00,2591.00,2638.00,3982
2013.03.05,2641.00,2682.80,2634.00,2671.80,3920
2013.03.06,2673.80,2703.50,2672.80,2689.50,3476
2013.03.07,2683.50,2701.50,2680.50,2695.50,3618
2013.03.08,2694.50,2733.50,2694.50,2724.50,3640
2013.03.11,2721.50,2724.50,2706.50,2720.50,2860
2013.03.12,2714.50,2724.00,2698.00,2708.00,3080
2013.03.13,2709.00,2715.00,2693.00,2713.00,3148
2013.03.14,2715.00,2742.50,2714.00,2737.50,2760
2013.03.15,2745.50,2748.50,2713.00,2719.00,2982
2013.03.18,2650.00,2708.50,2631.00,2694.50,4106
2013.03.19,2695.50,2700.50,2656.50,2670.50,4488
2013.03.20,2677.50,2712.50,2677.50,2700.50,3996
2013.03.21,2698.50,2706.50,2666.50,2676.00,4707
2013.03.22,2675.50,2702.50,2661.50,2697.50,3927
2013.03.25,2721.50,2729.50,2629.50,2652.50,5128
2013.03.26,2658.50,2662.50,2630.50,2646.50,4918
2013.03.27,2648.50,2653.50,2587.50,2620.50,4752
2013.03.28,2611.50,2638.50,2600.50,2627.50,4614
2013.04.02,2616.50,2677.50,2614.50,2660.50,3736
2013.04.03,2659.50,2676.50,2634.50,2635.50,4050
2013.04.04,2644.50,2670.50,2617.50,2630.50,5138
2013.04.05,2618.50,2634.50,2564.50,2592.50,4078
2013.04.08,2587.50,2604.50,2584.50,2601.50,3496
2013.04.09,2608.50,2613.50,2582.50,2602.50,3990
2013.04.10,2598.50,2664.50,2598.50,2660.50,3636
2013.04.11,2656.50,2677.50,2650.50,2667.50,3766
2013.04.12,2660.00,2663.00,2627.50,2649.50,4538
2013.04.15,2635.50,2636.50,2598.50,2598.50,5812
2013.04.16,2612.50,2633.50,2598.50,2618.00,4838
2013.04.17,2616.00,2627.00,2544.50,2560.50,6764
2013.04.18,2558.50,2579.50,2539.50,2552.50,6050
2013.04.19,2563.00,2587.00,2559.00,2572.00,5776
2013.04.22,2588.00,2602.00,2568.00,2594.00,5096
2013.04.23,2585.50,2668.00,2574.00,2668.00,5962
2013.04.24,2670.50,2708.50,2663.50,2700.50,5062
2013.04.25,2702.00,2709.00,2686.00,2693.00,4388
2013.04.26,2687.00,2693.50,2669.50,2689.50,4334
2013.04.29,2686.00,2734.00,2685.00,2727.00,1938
2013.04.30,2731.00,2734.00,2702.50,2711.50,2141
2013.05.02,2698.50,2745.00,2686.00,2728.00,2818
2013.05.03,2727.00,2771.00,2709.00,2764.00,2135
2013.05.06,2762.50,2763.50,2745.00,2757.00,762
2013.05.07,2754.00,2778.00,2750.00,2772.00,1658
2013.05.08,2769.00,2789.00,2758.00,2789.00,1474
2013.05.09,2777.50,2781.50,2758.50,2770.50,1822
2013.05.10,2777.50,2805.50,2772.00,2795.00,2497
2013.05.13,2786.00,2791.00,2764.00,2782.00,1808
2013.05.14,2785.00,2799.00,2759.00,2799.00,1579
2013.05.15,2792.50,2815.50,2781.50,2812.50,1918
2013.05.16,2806.50,2814.50,2791.50,2796.50,2450
2013.05.17,2794.00,2834.50,2790.00,2833.50,2462
2013.05.20,2826.50,2829.50,2801.50,2822.00,1619
2013.05.21,2816.90,2828.50,2795.50,2820.50,1902
2013.05.22,2821.50,2841.50,2792.50,2803.50,3193
2013.05.23,2776.50,2789.50,2755.50,2786.50,3946
2013.05.24,2787.50,2793.50,2750.50,2779.50,2755
2013.05.27,2781.50,2798.50,2776.50,2797.00,1000
2013.05.28,2800.50,2851.00,2797.50,2828.00,2179
2013.05.29,2821.00,2824.00,2782.00,2799.00,2645
2013.05.30,2786.00,2813.00,2774.00,2802.00,2225
2013.05.31,2803.00,2804.00,2752.00,2752.00,3027
2013.06.03,2757.00,2788.50,2727.00,2763.50,3132
2013.06.04,2764.50,2778.50,2731.50,2743.00,3295
2013.06.05,2731.50,2753.50,2700.50,2700.50,3460
2013.06.06,2707.50,2729.00,2649.00,2687.00,3618
2013.06.07,2682.00,2733.50,2662.50,2721.50,3471
2013.06.10,2719.00,2733.00,2708.00,2711.00,2620
2013.06.11,2708.00,2711.00,2654.00,2668.00,3427
2013.06.12,2682.00,2702.00,2648.00,2652.00,3370
2013.06.13,2616.00,2684.00,2613.00,2680.00,3435
2013.06.14,2671.00,2686.00,2646.00,2653.00,3241
2013.06.17,2667.00,2718.00,2667.00,2690.00,2699
2013.06.18,2695.00,2709.00,2685.00,2700.00,2590
2013.06.19,2702.00,2709.50,2659.50,2661.50,3218
2013.06.20,2635.00,2642.50,2566.50,2572.50,4713
2013.06.21,2587.50,2613.00,2542.00,2565.00,4086
2013.06.24,2534.50,2555.50,2490.50,2521.50,4277
2013.06.25,2516.50,2558.50,2515.50,2552.50,3804
2013.06.26,2544.50,2609.50,2535.50,2607.50,2985
2013.06.27,2604.50,2633.50,2586.50,2615.50,2330
2013.06.28,2622.50,2636.50,2589.50,2600.50,3449
2013.07.01,2601.50,2637.50,2589.50,2610.50,2579
2013.07.02,2618.50,2628.50,2574.50,2590.50,2629
2013.07.03,2581.50,2585.50,2537.50,2574.50,2778
2013.07.04,2579.50,2648.00,2579.50,2645.00,2399
2013.07.05,2650.00,2660.00,2593.00,2617.00,3532
2013.07.08,2616.00,2664.00,2611.00,2650.00,2107
2013.07.09,2663.00,2675.00,2653.00,2667.00,1774
2013.07.10,2659.00,2670.00,2639.00,2660.00,2374
2013.07.11,2699.00,2705.00,2670.00,2689.00,2278
2013.07.12,2685.00,2698.00,2665.00,2679.50,1712
2013.07.15,2681.50,2696.50,2674.50,2686.50,1186
2013.07.16,2688.50,2692.50,2661.50,2665.50,1433
2013.07.17,2667.50,2690.50,2644.50,2677.50,1808
2013.07.18,2673.50,2719.50,2667.50,2714.50,1376
2013.07.19,2704.00,2718.50,2697.50,2713.50,1564
2013.07.22,2724.50,2734.00,2711.50,2724.00,1174
2013.07.23,2733.00,2742.00,2720.80,2726.80,1203
2013.07.24,2722.80,2759.00,2721.80,2750.00,1586
2013.07.25,2752.00,2756.00,2719.00,2756.00,1652
2013.07.26,2754.00,2767.00,2732.00,2758.00,1430
2013.07.29,2752.00,2762.00,2735.00,2747.00,1259
2013.07.30,2751.00,2765.00,2742.00,2755.50,1302
2013.07.31,2758.00,2775.00,2748.00,2763.00,1969
2013.08.01,2777.00,2825.00,2773.00,2820.00,1703
2013.08.02,2822.00,2822.00,2795.00,2818.00,1288
2013.08.05,2819.00,2821.00,2799.00,2810.00,953
2013.08.06,2809.00,2820.00,2776.00,2787.00,1210
2013.08.07,2775.00,2798.00,2774.00,2794.00,1395
2013.08.08,2801.00,2825.00,2792.00,2823.00,1223
2013.08.09,2824.00,2835.00,2805.00,2831.00,1240
2013.08.12,2832.00,2835.00,2801.00,2827.00,1381
2013.08.13,2835.00,2850.50,2826.50,2849.50,1247
2013.08.14,2847.50,2857.50,2834.50,2852.50,1519
2013.08.15,2846.50,2848.50,2805.00,2832.00,1839
2013.08.16,2828.00,2856.80,2823.80,2849.80,1639
2013.08.19,2850.30,2856.80,2810.60,2811.60,1642
2013.08.20,2807.60,2810.60,2767.70,2788.70,1949
2013.08.21,2790.70,2796.70,2765.00,2776.50,2137
2013.08.22,2765.00,2821.00,2765.00,2817.00,1578
2013.08.23,2815.00,2834.00,2792.00,2830.00,1804
2013.08.26,2831.00,2831.00,2803.00,2811.50,788
2013.08.27,2803.50,2817.50,2730.00,2733.00,2407
2013.08.28,2741.00,2754.00,2719.00,2736.00,2005
2013.08.29,2735.00,2760.00,2731.00,2746.00,1870
2013.08.30,2761.00,2761.00,2712.00,2719.00,2531
2013.09.02,2745.00,2780.00,2741.00,2767.00,1272
2013.09.03,2771.00,2780.00,2734.00,2753.00,2599
2013.09.04,2760.00,2766.50,2724.00,2761.00,1950
2013.09.05,2766.00,2777.00,2746.00,2773.00,2164
2013.09.06,2765.00,2803.00,2760.00,2794.50,2783
2013.09.09,2804.00,2813.00,2786.00,2807.00,2029
2013.09.10,2814.00,2854.00,2814.00,2851.00,2145
2013.09.11,2853.00,2867.00,2843.00,2867.00,1683
2013.09.12,2866.50,2869.00,2847.00,2855.00,1838
2013.09.13,2853.00,2870.00,2848.00,2870.00,1379
2013.09.16,2908.00,2908.00,2884.50,2888.50,1644
2013.09.17,2886.50,2897.50,2876.50,2896.50,1187
2013.09.18,2898.50,2956.90,2887.50,2952.90,1766
2013.09.19,2954.90,2954.90,2920.00,2932.00,1808
2013.09.20,2935.00,2951.00,2916.00,2916.00,1610
2013.09.23,2921.50,2936.00,2895.00,2907.00,2126
2013.09.24,2908.00,2928.50,2904.50,2917.50,1740
2013.09.25,2918.50,2928.50,2905.50,2921.50,1626
2013.09.26,2930.50,2935.50,2908.00,2927.00,1448
2013.09.27,2924.00,2932.00,2903.00,2920.00,1521
2013.09.30,2885.00,2902.00,2873.00,2897.00,2164
2013.10.01,2899.00,2934.00,2897.00,2928.00,1708
2013.10.02,2924.00,2929.00,2900.00,2925.00,1845
2013.10.03,2921.00,2926.00,2888.50,2898.50,1774
2013.10.04,2894.50,2933.50,2894.50,2929.50,1215
2013.10.07,2911.50,2925.50,2889.50,2913.50,1074
2013.10.08,2915.50,2929.50,2891.50,2891.50,1786
2013.10.09,2903.50,2923.50,2894.50,2912.50,1650
2013.10.10,2922.50,2985.50,2918.50,2981.50,1444
2013.10.11,2980.50,2983.00,2964.00,2981.00,1304
2013.10.14,2963.00,2992.00,2957.00,2990.00,1186
2013.10.15,2987.00,3008.00,2983.00,2992.00,1556
2013.10.16,2997.00,3020.00,2989.00,3017.00,1228
2013.10.17,3011.00,3020.00,2988.00,3016.00,1042
2013.10.18,3022.00,3034.50,3007.50,3031.50,1029
2013.10.21,3033.50,3039.50,3017.50,3028.50,970
2013.10.22,3027.50,3055.50,3019.50,3040.50,1379
2013.10.23,3029.50,3030.50,3009.00,3018.00,1133
2013.10.24,3036.00,3040.00,3021.00,3034.00,1076
2013.10.25,3025.00,3043.00,3020.00,3034.00,913
2013.10.28,3043.00,3047.00,3009.00,3020.00,593
2013.10.29,3023.00,3050.00,3013.00,3050.00,677
2013.10.30,3053.00,3071.30,3027.30,3032.30,1285
2013.10.31,3024.30,3074.30,3024.30,3061.30,1125
2013.11.01,3066.30,3074.00,3045.00,3062.00,1008
2013.11.04,3064.00,3066.50,3052.50,3066.50,700
2013.11.05,3065.50,3066.50,3018.50,3034.50,916
2013.11.06,3044.50,3063.50,3040.50,3054.50,754
2013.11.07,3048.50,3105.50,3012.50,3016.50,2118
2013.11.08,3021.50,3043.50,2996.50,3043.00,1817
2013.11.11,3039.50,3057.00,3026.50,3056.00,867
2013.11.12,3057.00,3060.00,3024.50,3032.50,1363
2013.11.13,3022.80,3041.80,2998.80,3040.80,1384
2013.11.14,3047.80,3056.80,3027.50,3052.50,1255
2013.11.15,3054.50,3059.50,3041.50,3056.50,1005
2013.11.18,3051.50,3091.50,3040.50,3065.50,1069
2013.11.19,3064.50,3068.50,3034.50,3041.50,1196
2013.11.20,3037.50,3064.00,3021.00,3028.00,1913
2013.11.21,3025.00,3053.50,3014.00,3053.50,1317
2013.11.22,3051.50,3061.50,3034.50,3060.50,1146
2013.11.25,3066.50,3077.50,3059.50,3062.50,1289
2013.11.26,3066.50,3074.50,3059.50,3066.50,1022
2013.11.27,3070.50,3088.50,3063.50,3079.50,860
2013.11.28,3080.50,3098.50,3078.50,3089.50,691
2013.11.29,3088.50,3097.50,3078.00,3082.00,492
2013.12.02,3083.00,3094.00,3069.00,3069.00,1103
2013.12.03,3070.00,3074.00,3008.00,3019.00,1684
2013.12.04,3018.00,3027.00,2966.00,2992.00,2335
2013.12.05,2981.00,2997.00,2946.00,2947.00,2330
2013.12.06,2956.50,2993.00,2939.00,2990.00,1934
2013.12.09,2994.00,2994.00,2972.50,2985.50,1530
2013.12.10,2987.50,2998.50,2957.50,2960.50,1588
2013.12.11,2959.50,2978.50,2932.50,2935.50,1910
2013.12.12,2930.50,2945.50,2915.50,2921.50,2321
2013.12.13,2927.50,2941.50,2915.50,2927.50,1838
2013.12.16,2914.50,2984.50,2913.50,2971.50,1665
2013.12.17,2968.50,2968.50,2939.50,2945.50,1583
2013.12.18,2950.50,3013.50,2947.50,3013.50,2489
2013.12.19,3004.50,3035.00,2995.50,3035.00,1993
2013.12.20,3039.00,3054.00,3029.00,3045.00,1684
2013.12.23,3059.00,3075.50,3047.00,3074.50,890
2013.12.27,3093.50,3115.00,3088.50,3112.00,868
2013.12.30,3113.00,3119.00,3095.50,3113.50,981
2014.01.02,3127.50,3127.50,3049.50,3060.50,2081
2014.01.03,3053.50,3080.00,3052.50,3071.00,1243
2014.01.06,3069.00,3087.00,3063.00,3066.00,1707
2014.01.07,3067.00,3113.00,3063.00,3110.00,1383
2014.01.08,3111.00,3120.00,3100.00,3108.20,1591
2014.01.09,3106.20,3131.20,3079.80,3099.80,2072
2014.01.10,3103.80,3122.00,3092.00,3117.00,1994
2014.01.13,3111.00,3116.00,3082.50,3085.50,1408
2014.01.14,3087.50,3128.50,3071.50,3126.50,1346
2014.01.15,3125.00,3178.50,3122.00,3176.50,1357
2014.01.16,3174.50,3175.50,3146.00,3159.00,1480
2014.01.17,3156.00,3166.70,3140.70,3146.70,1663
2014.01.20,3145.70,3157.50,3137.70,3156.50,744
2014.01.21,3164.50,3176.50,3147.50,3160.50,1449
2014.01.22,3164.50,3170.50,3137.50,3157.50,1552
2014.01.23,3147.50,3159.50,3106.50,3120.50,2074
2014.01.24,3122.50,3126.50,3010.00,3010.00,3181
2014.01.27,3012.00,3040.50,2991.50,3006.50,3118
2014.01.28,3014.50,3051.00,3012.50,3047.00,2272
2014.01.29,3055.00,3075.00,2971.50,2996.50,5047
2014.01.30,3006.50,3043.50,2983.50,3038.50,2909
2014.01.31,3028.50,3028.50,2961.50,3007.50,3789
2014.02.03,3005.50,3028.50,2931.00,2934.00,5273
2014.02.04,2940.00,2975.00,2936.00,2967.00,4779
2014.02.05,2952.00,2976.00,2945.00,2965.00,4827
2014.02.06,2963.00,3018.00,2963.00,3016.00,4863
2014.02.07,3020.50,3058.50,2995.00,3054.50,4302
2014.02.10,3055.50,3056.50,3024.50,3032.50,2827
2014.02.11,3041.50,3090.50,3041.50,3082.50,2559
2014.02.12,3085.50,3109.50,3079.50,3097.50,2408
2014.02.13,3085.50,3111.50,3062.50,3109.00,2808
2014.02.14,3100.50,3125.50,3093.50,3119.50,2395
2014.02.17,3117.50,3129.50,3111.00,3116.00,927
2014.02.18,3124.00,3127.50,3095.00,3115.00,2150
2014.02.19,3110.00,3132.00,3095.00,3097.00,2379
2014.02.20,3091.00,3123.50,3076.00,3119.50,2936
2014.02.21,3128.50,3135.50,3112.50,3121.50,2247
2014.02.24,3123.50,3162.50,3118.50,3146.50,2046
2014.02.25,3146.00,3159.50,3132.50,3147.50,2562
2014.02.26,3160.50,3162.50,3133.50,3141.50,2888
2014.02.27,3145.00,3150.50,3104.00,3143.00,3335
2014.02.28,3144.00,3149.00,3113.00,3130.00,3428
2014.03.03,3099.00,3102.00,3043.70,3054.70,5336
2014.03.04,3076.20,3135.80,3075.70,3128.80,4156
2014.03.05,3127.50,3145.50,3122.50,3137.50,3191
2014.03.06,3142.50,3158.50,3131.50,3141.50,3253
2014.03.07,3148.50,3150.50,3091.50,3111.50,4374
2014.03.10,3099.50,3126.50,3072.50,3096.50,3134
2014.03.11,3101.50,3117.50,3082.50,3083.50,2380
2014.03.12,3079.00,3079.50,3041.50,3064.50,3129
2014.03.13,3073.50,3077.50,2994.50,2997.50,3483
2014.03.14,3001.50,3015.00,2970.00,2997.00,4269
2014.03.17,3006.00,3053.00,3002.00,3051.00,2663
2014.03.18,3047.50,3097.00,3027.00,3071.00,3066
2014.03.19,3072.00,3090.00,3035.50,3051.50,3503
2014.03.20,3046.50,3090.50,3036.50,3086.50,3809
2014.03.21,3087.50,3109.50,3064.50,3068.50,2625
2014.03.24,3075.50,3097.50,3044.00,3063.00,3378
2014.03.25,3065.00,3111.00,3060.00,3106.00,2941
2014.03.26,3112.50,3140.00,3102.00,3110.00,3625
2014.03.27,3115.00,3137.00,3114.00,3134.00,3679
2014.03.28,3140.00,3173.50,3137.00,3164.50,2521
2014.03.31,3185.00,3185.50,3156.00,3163.00,2463
2014.04.01,3168.00,3194.00,3167.00,3189.00,1840
2014.04.02,3195.00,3195.00,3181.50,3192.50,1802
2014.04.03,3190.50,3220.50,3181.50,3210.50,2829
2014.04.04,3212.50,3239.50,3201.50,3204.50,3619
2014.04.07,3202.50,3215.50,3169.50,3179.50,1166
2014.04.08,3188.50,3195.50,3144.30,3170.30,3100
2014.04.09,3171.80,3196.50,3171.80,3196.50,2089
2014.04.10,3187.50,3194.50,3113.50,3114.50,3913
2014.04.11,3124.50,3137.50,3093.50,3099.50,4350
2014.04.14,3094.50,3133.50,3081.50,3129.50,3210
2014.04.15,3131.50,3138.50,3068.50,3110.00,4258
2014.04.16,3127.50,3150.50,3112.50,3149.50,3548
2014.04.17,3139.50,3174.50,3121.50,3167.00,2574
2014.04.22,3170.50,3200.50,3156.50,3199.50,1696
2014.04.23,3200.50,3200.50,3173.50,3182.50,2006
2014.04.24,3192.50,3206.50,3147.50,3181.00,2869
2014.04.25,3179.50,3180.50,3136.50,3150.50,3132
2014.04.28,3156.50,3177.50,3136.50,3165.50,3185
2014.04.29,3173.00,3212.00,3168.00,3201.00,2598
2014.04.30,3189.50,3205.50,3183.50,3200.50,3199
2014.05.02,3194.50,3199.50,3169.50,3178.50,2746
2014.05.05,3170.50,3175.50,3127.50,3175.50,1662
2014.05.06,3184.50,3184.50,3140.50,3140.50,2538
2014.05.07,3132.50,3167.50,3128.50,3166.50,3132
2014.05.08,3164.50,3204.50,3153.50,3190.50,2520
2014.05.09,3195.00,3199.50,3173.50,3188.50,2635
2014.05.12,3186.50,3211.50,3180.50,3210.50,1538
2014.05.13,3212.50,3218.50,3200.50,3213.50,2044
2014.05.14,3214.00,3215.00,3198.00,3204.00,1704
2014.05.15,3206.00,3223.00,3156.00,3171.00,2769
2014.05.16,3166.00,3178.00,3139.00,3178.00,2772
2014.05.19,3165.00,3174.00,3133.00,3171.00,2171
2014.05.20,3167.50,3175.50,3142.50,3154.50,1976
2014.05.21,3155.50,3189.50,3142.50,3187.50,2069
2014.05.22,3197.00,3197.00,3170.00,3185.00,1632
2014.05.23,3186.00,3205.00,3177.00,3204.00,1397
2014.05.26,3215.00,3240.50,3207.00,3233.50,1183
2014.05.27,3232.50,3249.00,3229.50,3242.00,1340
2014.05.28,3243.50,3248.50,3230.50,3240.00,1627
2014.05.29,3242.50,3250.50,3235.50,3247.50,1100
2014.05.30,3243.50,3255.00,3232.00,3252.00,1394
2014.06.02,3250.00,3256.00,3236.00,3251.00,1250
2014.06.03,3247.50,3251.00,3231.00,3237.00,1138
2014.06.04,3234.00,3243.50,3216.50,3242.50,1064
2014.06.05,3239.50,3290.50,3225.50,3273.50,1913
2014.06.06,3271.50,3306.50,3260.50,3306.50,1688
2014.06.09,3303.50,3315.00,3287.00,3311.00,596
2014.06.10,3306.00,3318.00,3297.00,3314.00,958
2014.06.11,3310.50,3311.50,3281.50,3286.50,1190
2014.06.12,3291.50,3299.00,3268.00,3275.00,1224
2014.06.13,3282.00,3291.00,3253.00,3275.00,1664
2014.06.16,3266.00,3277.50,3256.50,3266.50,1394
2014.06.17,3270.50,3284.50,3254.50,3278.50,1277
2014.06.18,3280.50,3307.50,3274.50,3305.50,1387
2014.06.19,3307.50,3325.00,3303.00,3317.50,1056
2014.06.20,3313.00,3321.50,3294.50,3300.50,825
2014.06.23,3304.20,3307.20,3268.20,3287.50,1390
2014.06.24,3284.50,3292.50,3266.00,3268.00,1065
2014.06.25,3265.00,3273.50,3241.50,3260.50,1473
2014.06.26,3259.50,3264.50,3209.00,3246.00,1602
2014.06.27,3241.00,3248.00,3218.30,3237.30,1184
2014.06.30,3236.30,3246.30,3209.50,3228.50,1302
2014.07.01,3234.50,3263.50,3233.50,3257.00,1228
2014.07.02,3254.50,3264.50,3240.50,3252.50,1012
2014.07.03,3253.50,3291.50,3243.50,3287.50,1442
2014.07.04,3286.50,3287.00,3268.50,3275.50,492
2014.07.07,3271.50,3271.50,3229.50,3234.50,1160
2014.07.08,3235.50,3239.50,3179.50,3188.50,1775
2014.07.09,3191.50,3212.50,3183.50,3208.50,1398
2014.07.10,3206.50,3207.50,3131.50,3162.50,2705
2014.07.11,3160.50,3173.00,3142.00,3161.00,1576
2014.07.14,3171.00,3190.00,3165.00,3179.00,1343
2014.07.15,3178.00,3183.00,3140.00,3162.00,2288
2014.07.16,3161.00,3205.00,3160.00,3201.00,1588
2014.07.17,3192.00,3193.00,3129.30,3132.30,2612
2014.07.18,3134.30,3176.50,3131.30,3172.50,2267
2014.07.21,3166.50,3168.50,3129.00,3144.00,2244
2014.07.22,3151.00,3191.00,3149.00,3181.00,1756
2014.07.23,3174.00,3209.20,3174.00,3190.20,1846
2014.07.24,3186.20,3223.00,3168.20,3215.00,2360
2014.07.25,3211.00,3220.00,3163.00,3180.00,2390
2014.07.28,3179.00,3191.00,3145.00,3177.00,2497
2014.07.29,3181.00,3206.00,3163.00,3176.00,2430
2014.07.30,3181.00,3211.30,3161.30,3176.30,3528
2014.07.31,3174.30,3179.30,3102.90,3103.90,4660
2014.08.01,3112.90,3120.90,3054.50,3067.50,4828
2014.08.04,3084.50,3097.50,3060.70,3086.70,2806
2014.08.05,3074.70,3094.70,3033.50,3041.50,3439
2014.08.06,3047.50,3062.50,3017.50,3041.50,3616
2014.08.07,3046.50,3060.50,2990.50,2997.50,4233
2014.08.08,2978.50,3036.50,2972.50,3033.50,4161
2014.08.11,3034.50,3052.50,3025.50,3036.50,2302
2014.08.12,3041.50,3050.50,3015.50,3025.50,2495
2014.08.13,3031.50,3062.50,3031.50,3051.50,2177
2014.08.14,3055.50,3072.50,3030.50,3064.50,2087
2014.08.15,3061.50,3098.50,3008.50,3043.50,3862
2014.08.18,3073.50,3080.50,3057.50,3077.50,1660
2014.08.19,3081.50,3094.50,3078.50,3093.50,1561
2014.08.20,3090.50,3093.50,3062.50,3086.50,1895
2014.08.21,3088.00,3123.50,3073.50,3120.50,1579
2014.08.22,3118.50,3126.50,3081.50,3098.50,2788
2014.08.25,3114.50,3166.50,3114.50,3158.50,1409
2014.08.26,3151.50,3197.50,3150.50,3188.50,1630
2014.08.27,3191.50,3202.50,3181.50,3188.50,1430
2014.08.28,3187.50,3190.50,3152.50,3165.50,2658
2014.08.29,3171.50,3185.50,3137.00,3175.00,2289
2014.09.01,3174.00,3183.00,3156.70,3173.70,1683
2014.09.02,3181.70,3198.70,3166.70,3177.70,2152
2014.09.03,3182.70,3234.50,3182.70,3212.50,3052
2014.09.04,3211.50,3286.50,3200.50,3269.50,3875
2014.09.05,3267.50,3288.50,3257.50,3287.50,3212
2014.09.08,3283.50,3283.50,3249.50,3257.50,2006
2014.09.09,3254.50,3267.50,3231.50,3237.50,1866
2014.09.10,3235.50,3258.50,3224.50,3254.50,2325
2014.09.11,3250.50,3254.50,3215.30,3240.30,2475
2014.09.12,3244.30,3245.30,3219.30,3230.30,2231
2014.09.15,3220.30,3238.30,3218.30,3234.30,1886
2014.09.16,3234.80,3239.30,3205.30,3239.30,1933
2014.09.17,3236.30,3257.30,3228.30,3244.30,2256
2014.09.18,3248.30,3273.50,3241.30,3267.50,1518
2014.09.19,3287.50,3307.50,3265.50,3268.50,2264
2014.09.22,3260.50,3274.50,3243.50,3252.50,1965
2014.09.23,3253.50,3256.50,3199.50,3201.50,2469
2014.09.24,3199.50,3252.50,3190.50,3250.50,1948
2014.09.25,3246.50,3258.50,3190.50,3195.50,3412
2014.09.26,3202.50,3240.50,3187.50,3234.50,3092
2014.09.29,3224.50,3224.50,3165.50,3191.50,3025
2014.09.30,3192.50,3236.50,3190.50,3212.50,3064
2014.10.01,3209.50,3235.50,3171.50,3179.50,3248
2014.10.02,3183.50,3198.50,3097.50,3121.50,5081
2014.10.03,3132.50,3153.50,3116.50,3149.50,1849
2014.10.06,3162.00,3186.50,3117.50,3128.50,3089
2014.10.07,3120.50,3124.50,3049.50,3049.50,3630
2014.10.08,3053.50,3097.50,3041.50,3095.50,4092
2014.10.09,3094.00,3094.00,3002.50,3009.50,5997
2014.10.10,3006.50,3035.50,2982.00,2982.00,6088
2014.10.13,2952.80,3016.50,2945.80,2966.50,6121
2014.10.14,2981.50,3011.50,2945.50,2986.50,6560
2014.10.15,2996.50,3005.50,2850.50,2908.50,9560
2014.10.16,2906.50,2925.50,2780.50,2865.50,12470
2014.10.17,2868.50,2965.50,2859.50,2942.50,7771
2014.10.20,2962.50,2969.50,2907.00,2939.00,6251
2014.10.21,2926.00,3009.00,2904.00,3006.00,4964
2014.10.22,3012.00,3012.00,2969.00,2974.50,4869
2014.10.23,2983.00,3051.00,2970.00,3033.00,4833
2014.10.24,3023.00,3043.00,3013.00,3043.00,4352
2014.10.27,3049.00,3070.00,2974.50,3006.50,4713
2014.10.28,3015.50,3051.00,3010.50,3047.00,3032
2014.10.29,3048.00,3051.00,3002.50,3020.50,4089
2014.10.30,3024.50,3049.50,2962.50,3043.50,5226
2014.10.31,3094.50,3120.50,3062.50,3118.50,3513
2014.11.03,3112.50,3116.50,3073.50,3087.50,2951
2014.11.04,3082.50,3097.50,3026.50,3051.50,3409
2014.11.05,3064.50,3094.50,3045.50,3085.50,2773
2014.11.06,3079.50,3144.50,3065.50,3108.50,4899
2014.11.07,3124.00,3125.00,3041.50,3066.50,3760
2014.11.10,3070.50,3096.00,3049.50,3096.00,2342
2014.11.11,3100.00,3118.30,3090.30,3101.30,1702
2014.11.12,3096.00,3098.00,3040.00,3056.00,2678
2014.11.13,3068.00,3077.00,3025.00,3060.00,2959
2014.11.14,3062.00,3072.00,3029.00,3054.00,2660
2014.11.17,3033.50,3094.50,3022.00,3086.50,2198
2014.11.18,3087.50,3133.50,3083.50,3128.50,1903
2014.11.19,3119.50,3140.00,3109.00,3125.00,1945
2014.11.20,3124.00,3124.00,3073.00,3099.00,2442
2014.11.21,3106.00,3195.50,3106.00,3187.50,2051
2014.11.24,3186.50,3237.50,3186.50,3218.50,2099
2014.11.25,3219.50,3247.50,3205.50,3228.50,1911
2014.11.26,3237.50,3242.50,3215.00,3236.00,2151
2014.11.27,3235.00,3249.50,3221.00,3241.50,1491
2014.11.28,3244.50,3252.00,3222.00,3240.00,2233
2014.12.01,3232.00,3240.00,3211.00,3233.00,2614
2014.12.02,3240.00,3262.00,3222.00,3246.00,2741
2014.12.03,3242.00,3258.50,3233.00,3254.50,1922
2014.12.04,3259.50,3281.00,3184.00,3210.00,4606
2014.12.05,3214.00,3282.50,3214.00,3274.50,2440
2014.12.08,3273.50,3278.50,3224.50,3236.00,2349
2014.12.09,3225.50,3225.50,3158.70,3188.70,3921
2014.12.10,3189.20,3197.70,3125.50,3131.00,4498
2014.12.11,3139.50,3176.50,3129.50,3139.50,4938
2014.12.12,3128.00,3143.50,3040.50,3044.00,6226
2014.12.15,3046.00,3093.70,2967.70,2985.70,6737
2014.12.16,2990.70,3053.00,2919.00,3001.00,11878
2014.12.17,3006.50,3095.00,3003.00,3084.50,9831
2014.12.18,3096.00,3170.50,3086.00,3170.50,4843
2014.12.19,3196.50,3197.00,3108.20,3148.20,6951
2014.12.22,3152.00,3177.00,3139.50,3167.50,3558
2014.12.23,3169.50,3198.50,3150.50,3188.50,3294
2014.12.29,3210.50,3210.50,3125.50,3180.50,4136
2014.12.30,3178.50,3180.50,3125.50,3128.50,3140
2015.01.02,3134.50,3175.50,3111.00,3142.00,4675
2015.01.05,3126.00,3149.50,3014.50,3024.50,6637
2015.01.06,3025.50,3061.00,2987.00,3002.00,8463
2015.01.07,3019.00,3062.50,3001.50,3057.50,6987
2015.01.08,3080.50,3141.00,3059.50,3117.50,5017
2015.01.09,3112.00,3124.00,3019.00,3052.00,7918
2015.01.12,3049.00,3096.60,3031.60,3071.60,5993
2015.01.13,3079.60,3146.20,3063.60,3103.20,6626
2015.01.14,3072.30,3148.00,3067.30,3103.00,9678
2015.01.15,3133.00,3168.50,2999.00,3141.50,13200
2015.01.16,3130.50,3232.00,3128.50,3222.00,7501
2015.01.19,3215.00,3238.00,3196.00,3222.00,4268
2015.01.20,3240.00,3258.00,3226.00,3250.00,5952
2015.01.21,3248.50,3273.50,3208.50,3271.50,7083
2015.01.22,3277.50,3363.00,3259.00,3351.00,8788
2015.01.23,3349.00,3412.50,3346.00,3370.50,6936
2015.01.26,3348.00,3430.50,3348.00,3421.50,6735
2015.01.27,3417.50,3419.50,3352.00,3376.50,7592
2015.01.28,3400.90,3400.90,3308.40,3314.40,7807
2015.01.29,3317.40,3402.00,3307.40,3396.00,7507
2015.01.30,3390.00,3396.00,3329.50,3334.50,8208
2015.02.02,3345.50,3391.50,3325.00,3390.50,7721
2015.02.03,3382.50,3428.50,3379.50,3426.50,6260
2015.02.04,3424.50,3424.50,3370.50,3373.50,6927
2015.02.05,3355.50,3412.50,3355.50,3406.50,5655
2015.02.06,3401.50,3408.50,3361.50,3373.50,5337
2015.02.09,3359.50,3367.50,3319.50,3342.50,4943
2015.02.10,3350.50,3401.50,3334.50,3391.00,5186
2015.02.11,3383.50,3389.50,3358.50,3378.50,4195
2015.02.12,3385.50,3437.50,3360.50,3437.50,4759
2015.02.13,3435.50,3462.50,3429.50,3454.50,2903
2015.02.16,3447.50,3447.50,3398.50,3401.50,2131
2015.02.17,3396.50,3466.50,3379.50,3453.50,3446
2015.02.18,3455.50,3474.50,3451.50,3466.50,3137
2015.02.19,3464.50,3495.00,3439.00,3477.00,4094
2015.02.20,3473.50,3538.00,3454.00,3526.00,5432
2015.02.23,3520.50,3532.00,3497.50,3514.00,3029
2015.02.24,3514.50,3557.00,3510.00,3551.00,2939
2015.02.25,3548.50,3553.00,3529.00,3540.00,2201
2015.02.26,3547.00,3577.00,3537.00,3568.00,2227
2015.02.27,3564.00,3599.00,3563.00,3588.00,2488
2015.03.02,3592.00,3608.00,3578.00,3599.00,2445
2015.03.03,3592.00,3605.00,3544.00,3565.00,2458
2015.03.04,3561.00,3590.00,3532.00,3588.00,3487
2015.03.05,3595.00,3627.00,3589.00,3616.00,3554
2015.03.06,3619.00,3636.00,3595.50,3601.00,3666
2015.03.09,3599.00,3621.00,3584.00,3609.00,2809
2015.03.10,3604.00,3612.00,3551.00,3569.50,3887
2015.03.11,3574.50,3662.00,3574.50,3649.50,3352
2015.03.12,3655.50,3659.00,3635.00,3648.50,3210
2015.03.13,3656.50,3679.00,3627.00,3669.50,3671
2015.03.16,3667.50,3716.00,3663.00,3704.50,2244
2015.03.17,3700.50,3715.00,3654.00,3679.50,4196
2015.03.18,3682.50,3694.00,3638.50,3656.50,5408
2015.03.19,3659.50,3690.00,3645.00,3665.00,4922
2015.03.20,3680.00,3740.00,3671.00,3721.50,3804
2015.03.23,3727.50,3727.50,3682.00,3689.50,3621
2015.03.24,3694.50,3748.00,3681.00,3718.50,3442
2015.03.25,3717.50,3732.00,3674.50,3680.50,3616
2015.03.26,3655.50,3683.00,3616.00,3672.00,5212
2015.03.27,3673.50,3695.00,3658.00,3680.50,4224
2015.03.30,3686.50,3734.00,3679.00,3726.50,2611
2015.03.31,3718.00,3738.00,3684.00,3691.00,4093
2015.04.01,3676.00,3749.00,3671.00,3725.00,4592
2015.04.02,3718.50,3723.00,3703.00,3718.50,3110
2015.04.07,3740.50,3779.00,3731.00,3755.00,2579
2015.04.08,3754.00,3774.00,3734.00,3753.50,3221
2015.04.09,3755.50,3798.00,3750.00,3792.00,2843
2015.04.10,3791.50,3820.00,3789.00,3820.00,2501
2015.04.13,3816.50,3836.00,3801.00,3805.50,2713
2015.04.14,3808.50,3826.00,3768.00,3797.00,3380
2015.04.15,3792.50,3820.00,3788.00,3796.00,3021
2015.04.16,3796.50,3803.00,3742.00,3746.00,3833
2015.04.17,3751.50,3757.00,3656.00,3669.00,5840
2015.04.20,3684.50,3718.00,3673.00,3708.00,3443
2015.04.21,3718.50,3756.00,3706.00,3725.00,4417
2015.04.22,3728.50,3750.00,3684.00,3735.50,5259
2015.04.23,3733.50,3742.00,3669.00,3711.50,5053
2015.04.24,3702.50,3740.00,3687.00,3708.50,4716
2015.04.27,3710.00,3784.00,3673.00,3754.50,4710
2015.04.28,3756.50,3770.00,3693.00,3719.50,4913
2015.04.29,3713.50,3735.00,3593.00,3623.50,7447
2015.04.30,3614.50,3641.00,3575.00,3595.50,8390
2015.05.04,3619.50,3652.00,3581.00,3626.50,5587
2015.05.05,3625.50,3667.00,3537.00,3548.50,7790
2015.05.06,3558.00,3585.00,3525.00,3545.50,8981
2015.05.07,3543.50,3566.00,3481.00,3546.50,8606
2015.05.08,3552.50,3655.00,3552.50,3651.50,6975
2015.05.11,3640.50,3642.50,3604.00,3616.50,6641
2015.05.12,3617.50,3620.50,3541.00,3576.50,8615
2015.05.13,3585.50,3615.00,3536.00,3544.50,7458
2015.05.14,3541.50,3610.00,3506.00,3601.50,6405
2015.05.15,3599.50,3626.00,3552.00,3582.00,6939
2015.05.18,3574.50,3597.00,3528.00,3595.50,6469
2015.05.19,3602.50,3675.00,3598.00,3660.50,6764
2015.05.20,3665.50,3689.00,3650.00,3682.50,5702
2015.05.21,3674.50,3698.00,3658.00,3692.50,6143
2015.05.22,3688.50,3691.00,3667.00,3680.00,4562
2015.05.26,3663.50,3676.00,3603.00,3629.50,6958
2015.05.27,3628.50,3691.00,3617.00,3681.50,5644
2015.05.28,3664.00,3671.00,3621.00,3658.50,6150
2015.05.29,3655.50,3663.50,3560.00,3573.50,7182
2015.06.01,3593.00,3603.00,3551.00,3588.50,6366
2015.06.02,3589.50,3598.00,3530.00,3558.50,7609
2015.06.03,3561.50,3622.00,3553.00,3572.00,6667
2015.06.04,3567.50,3596.00,3507.00,3531.50,8718
2015.06.05,3527.50,3538.00,3493.00,3510.00,7883
2015.06.08,3513.00,3517.00,3439.00,3451.00,6953
2015.06.09,3452.50,3476.00,3409.00,3438.00,7022
2015.06.10,3442.00,3543.00,3430.00,3523.50,6179
2015.06.11,3521.50,3591.00,3513.00,3551.00,6217
2015.06.12,3549.00,3556.00,3463.00,3503.50,7500
2015.06.15,3474.50,3479.00,3423.00,3448.50,7521
2015.06.16,3439.00,3466.00,3384.00,3454.50,7608
2015.06.17,3461.00,3471.00,3398.00,3409.50,7836
2015.06.18,3401.50,3537.00,3372.00,3463.00,9754
2015.06.19,3441.00,3498.00,3441.00,3449.00,8464
2015.06.22,3509.50,3605.00,3508.50,3585.00,9715
2015.06.23,3619.50,3652.00,3613.00,3634.00,6286
2015.06.24,3637.50,3639.00,3578.00,3588.50,9849
2015.06.25,3595.50,3650.00,3570.00,3590.00,10062
2015.06.26,3578.50,3643.00,3568.00,3622.00,8252
2015.06.29,3404.50,3530.00,3384.00,3431.00,13546
2015.06.30,3452.00,3496.00,3409.00,3436.00,14030
2015.07.01,3455.50,3535.00,3437.00,3494.00,10743
2015.07.02,3492.50,3510.00,3450.00,3465.00,7872
2015.07.03,3471.50,3472.50,3421.00,3437.00,6011
2015.07.06,3341.00,3410.00,3326.00,3350.50,12398
2015.07.07,3366.00,3379.00,3287.00,3370.00,10670
2015.07.08,3321.50,3346.00,3284.00,3310.00,11615
2015.07.09,3342.50,3436.00,3336.00,3405.00,9024
2015.07.10,3480.50,3561.00,3477.50,3554.00,8620
2015.07.13,3520.50,3607.00,3494.00,3591.00,8879
2015.07.14,3598.00,3617.00,3569.00,3614.00,4678
2015.07.15,3614.50,3633.00,3594.00,3617.50,4629
2015.07.16,3645.00,3694.00,3639.00,3680.00,4909
2015.07.17,3680.50,3692.00,3659.00,3671.00,3942
2015.07.20,3678.50,3712.00,3676.00,3688.00,2912
2015.07.21,3693.50,3694.50,3634.00,3646.00,3411
2015.07.22,3635.50,3646.00,3613.00,3637.00,3918
2015.07.23,3652.00,3664.00,3605.00,3611.00,3601
2015.07.24,3617.00,3650.00,3574.00,3577.00,4687
2015.07.27,3580.00,3584.00,3500.00,3506.00,6445
2015.07.28,3530.00,3567.00,3518.00,3559.00,4700
2015.07.29,3555.00,3595.00,3541.00,3583.00,5421
2015.07.30,3591.00,3599.00,3550.00,3588.00,5309
2015.07.31,3587.00,3603.00,3554.00,3598.00,4813
2015.08.03,3590.00,3640.00,3586.00,3626.00,5249
2015.08.04,3626.00,3630.00,3600.00,3623.00,4071
2015.08.05,3627.00,3682.00,3627.00,3664.00,4077
2015.08.06,3662.00,3685.00,3646.00,3660.00,3689
2015.08.07,3663.00,3668.00,3631.00,3634.00,3949
2015.08.10,3662.00,3677.00,3620.00,3676.00,3127
2015.08.11,3657.00,3666.00,3596.00,3609.00,5381
2015.08.12,3566.00,3568.00,3469.00,3530.00,6897
2015.08.13,3546.00,3555.00,3504.00,3508.00,5006
2015.08.14,3503.00,3537.00,3473.00,3509.00,5081
2015.08.17,3509.00,3538.00,3453.00,3508.00,4779
2015.08.18,3509.00,3510.00,3478.00,3489.00,4303
2015.08.19,3464.00,3479.00,3423.00,3434.00,6371
2015.08.20,3421.00,3426.00,3316.00,3317.00,7349
2015.08.21,3273.00,3352.00,3206.00,3216.00,10365
2015.08.24,3146.00,3186.00,2950.00,3060.00,21319
2015.08.25,3118.00,3236.00,3101.00,3119.00,15826
2015.08.26,3177.00,3230.00,3120.00,3227.00,15175
2015.08.27,3230.00,3297.00,3220.00,3289.00,10684
2015.08.28,3288.00,3292.00,3246.00,3280.00,8971
2015.08.31,3250.00,3283.00,3234.00,3260.00,5156
2015.09.01,3196.00,3226.00,3140.00,3155.00,10857
2015.09.02,3194.00,3229.00,3163.00,3220.00,9034
2015.09.03,3219.00,3294.00,3218.00,3246.00,8051
2015.09.04,3216.00,3237.00,3150.00,3167.00,9025
2015.09.07,3197.00,3226.00,3183.00,3194.00,3577
2015.09.08,3199.00,3274.00,3190.00,3251.00,5801
2015.09.09,3301.00,3325.00,3218.00,3220.00,7505
2015.09.10,3236.00,3267.00,3208.00,3230.00,8425
2015.09.11,3231.00,3238.00,3179.00,3206.00,5956
2015.09.14,3201.00,3220.00,3166.00,3179.00,5315
2015.09.15,3185.00,3225.00,3155.00,3222.00,4877
2015.09.16,3221.00,3261.00,3219.00,3260.00,4455
2015.09.17,3261.00,3294.00,3229.00,3244.00,5843
2015.09.18,3237.00,3245.00,3135.00,3162.00,8425
2015.09.21,3151.00,3198.00,3139.00,3182.00,6080
2015.09.22,3189.00,3198.00,3065.00,3095.00,7720
2015.09.23,3058.00,3124.00,3046.00,3078.00,6557
2015.09.24,3075.00,3100.00,2993.00,3048.00,10834
2015.09.25,3066.00,3129.00,3057.00,3087.00,12132
2015.09.28,3078.00,3113.00,3017.00,3024.00,12221
2015.09.29,3023.00,3058.00,2979.00,3035.00,13711
2015.09.30,3075.00,3118.00,3073.00,3106.00,12041
2015.10.01,3142.00,3145.00,3051.00,3073.00,12855
2015.10.02,3099.00,3137.00,3034.00,3137.00,13565
2015.10.05,3151.00,3218.00,3128.00,3214.00,8768
2015.10.06,3197.00,3235.00,3165.00,3210.00,10978
2015.10.07,3219.00,3271.00,3214.00,3250.00,11830
2015.10.08,3222.00,3261.00,3204.00,3258.00,11574
2015.10.09,3265.00,3270.00,3234.00,3252.00,8890
2015.10.12,3254.00,3265.00,3229.00,3241.00,7397
2015.10.13,3237.00,3243.00,3192.00,3205.00,9020
2015.10.14,3199.00,3228.00,3179.00,3195.00,10623
2015.10.15,3216.00,3265.00,3207.00,3264.00,9361
2015.10.16,3263.00,3274.00,3246.00,3272.00,8106
2015.10.19,3261.00,3294.00,3253.00,3273.00,7917
2015.10.20,3266.00,3283.00,3240.00,3259.00,7603
2015.10.21,3273.00,3282.00,3235.00,3254.00,9528
2015.10.22,3258.00,3383.00,3254.00,3369.00,10202
2015.10.23,3394.00,3451.00,3377.00,3438.00,11957
2015.10.26,3439.00,3439.00,3399.00,3414.00,7631
2015.10.27,3415.00,3417.00,3380.00,3389.00,7282
2015.10.28,3397.00,3453.00,3385.00,3450.00,9516
2015.10.29,3447.00,3447.00,3386.00,3411.00,9205
2015.10.30,3411.00,3427.00,3390.00,3406.00,7842
2015.11.02,3388.00,3448.00,3377.00,3445.00,7349
2015.11.03,3439.00,3458.00,3415.00,3447.00,7133
2015.11.04,3451.00,3472.00,3430.00,3441.00,8731
2015.11.05,3446.00,3476.00,3420.00,3447.00,8524
2015.11.06,3451.00,3487.00,3422.00,3483.00,9060
2015.11.09,3474.00,3478.00,3411.00,3431.00,8737
2015.11.10,3436.00,3440.00,3393.00,3431.00,8049
2015.11.11,3438.00,3468.00,3425.00,3433.00,7257
2015.11.12,3440.00,3459.00,3359.00,3364.00,10238
2015.11.13,3361.00,3392.00,3326.00,3348.00,11922
2015.11.16,3293.00,3401.00,3292.00,3401.00,10380
2015.11.17,3407.00,3456.00,3385.00,3426.00,7682
2015.11.18,3427.00,3463.00,3414.00,3454.00,8009
2015.11.19,3459.00,3477.00,3436.00,3439.00,6671
2015.11.20,3443.00,3470.00,3425.00,3446.00,6806
2015.11.23,3453.00,3458.00,3421.00,3431.00,6308
2015.11.24,3433.00,3438.00,3372.00,3418.00,9192
2015.11.25,3420.00,3473.00,3402.00,3452.00,6059
2015.11.26,3460.00,3508.00,3454.00,3488.00,3117
2015.11.27,3471.00,3513.00,3467.00,3489.00,4742
2015.11.30,3484.00,3524.00,3469.00,3497.00,5498
2015.12.01,3518.00,3523.00,3467.00,3487.00,6645
2015.12.02,3494.00,3500.00,3431.00,3440.00,7555
2015.12.03,3453.00,3518.00,3292.00,3303.00,19648
2015.12.04,3308.00,3375.00,3293.00,3371.00,11616
2015.12.07,3372.00,3396.00,3346.00,3371.00,8869
2015.12.08,3360.00,3360.00,3281.00,3297.00,11665
2015.12.09,3304.00,3317.00,3229.00,3250.00,12732
2015.12.10,3249.00,3288.00,3246.00,3261.00,10280
2015.12.11,3268.00,3270.00,3179.00,3184.00,12904
2015.12.14,3207.00,3245.00,3133.00,3186.00,14091
2015.12.15,3179.00,3253.00,3166.00,3241.00,9533
2015.12.16,3255.00,3309.00,3226.00,3302.00,13329
2015.12.17,3301.00,3346.00,3283.00,3295.00,12232
2015.12.18,3288.00,3299.00,3224.00,3225.00,11124
2015.12.21,3235.00,3291.00,3206.00,3227.00,9290
2015.12.22,3242.00,3250.00,3184.00,3238.00,8946
2015.12.23,3240.00,3302.00,3239.00,3300.00,6628
2015.12.28,3286.00,3294.00,3250.00,3268.00,4479
2015.12.29,3278.00,3316.00,3277.00,3312.00,4943
2015.12.30,3315.00,3315.00,3273.00,3276.00,4797
2016.01.04,3212.00,3220.00,3145.00,3191.00,11174
2016.01.05,3201.00,3201.00,3133.00,3185.00,9676
2016.01.06,3157.00,3172.00,3103.00,3125.00,10476
2016.01.07,3059.00,3101.00,3023.00,3039.00,13965
2016.01.08,3081.00,3115.00,3001.00,3011.00,13488
2016.01.11,2994.00,3076.00,2989.00,3051.00,13609
2016.01.12,3021.00,3099.00,3013.00,3080.00,12715
2016.01.13,3098.00,3125.00,3000.00,3006.00,12288
2016.01.14,3028.00,3074.00,2970.00,3056.00,16104
2016.01.15,3021.00,3030.00,2906.00,2933.00,19074
2016.01.18,2954.00,2984.00,2914.00,2932.00,8117
2016.01.19,2980.00,3009.00,2935.00,2967.00,12140
2016.01.20,2894.00,2925.00,2838.00,2905.00,18338
2016.01.21,2887.00,2970.00,2863.00,2940.00,20971
2016.01.22,2982.00,3046.00,2978.00,3039.00,11198
2016.01.25,3047.00,3047.00,2976.00,2977.00,9507
2016.01.26,2950.00,3045.00,2943.00,3045.00,10012
2016.01.27,3032.00,3059.00,2989.00,3002.00,11076
2016.01.28,3012.00,3055.00,2954.00,2988.00,14257
2016.01.29,3026.00,3059.00,2991.00,3057.00,10004
2016.02.01,3059.00,3061.00,2988.00,3025.00,10244
2016.02.02,3015.00,3015.00,2919.00,2924.00,10063
2016.02.03,2921.00,2948.00,2860.00,2921.00,14190
2016.02.04,2947.00,2948.00,2865.00,2907.00,14265
2016.02.05,2900.00,2928.00,2861.00,2870.00,14689
2016.02.08,2889.50,2895.50,2767.50,2793.50,11513
2016.02.09,2773.50,2810.50,2708.50,2743.50,12668
2016.02.10,2744.50,2824.50,2731.50,2759.50,11514
2016.02.11,2747.50,2755.50,2671.00,2707.50,14425
2016.02.12,2704.50,2762.50,2697.50,2762.00,8594
2016.02.15,2805.50,2854.50,2803.50,2830.00,3454
2016.02.16,2851.00,2860.00,2803.00,2840.00,5859
2016.02.17,2830.00,2910.50,2817.00,2905.50,4047
2016.02.18,2904.50,2935.50,2881.40,2883.40,4486
2016.02.19,2890.40,2902.40,2842.40,2867.20,4633
2016.02.22,2887.70,2935.30,2882.70,2935.30,2941
2016.02.23,2911.80,2933.30,2877.60,2878.60,3637
2016.02.24,2874.60,2889.60,2799.60,2862.60,4892
2016.02.25,2855.60,2897.70,2837.60,2897.70,4490
2016.02.26,2904.70,2950.50,2900.70,2916.50,4177
2016.02.29,2901.50,2948.00,2878.00,2916.00,4393
2016.03.01,2921.00,3016.00,2919.50,3010.00,3818
2016.03.02,3024.50,3030.50,2992.50,3022.50,4050
2016.03.03,3031.00,3031.50,2995.50,3025.50,3127
2016.03.04,3023.50,3055.70,3010.70,3029.70,4170
2016.03.07,3028.20,3033.70,2995.50,3018.50,3406
2016.03.08,3002.50,3025.50,2966.50,2998.50,4081
2016.03.09,3008.50,3047.00,3000.50,3012.00,3724
2016.03.10,3018.00,3130.00,2937.00,2976.00,7918
2016.03.11,3025.00,3087.00,3017.00,3087.00,4745
2016.03.14,3084.00,3116.00,3078.00,3089.00,3178
2016.03.15,3079.00,3082.00,3052.00,3068.00,3060
2016.03.16,3071.00,3087.00,3044.00,3067.00,3566
2016.03.17,3081.00,3092.00,2987.50,3038.50,4299
2016.03.18,3035.50,3067.50,3019.50,3058.50,3185
2016.03.21,3049.00,3089.00,3029.00,3052.00,1163
2016.03.22,3053.00,3058.00,2995.00,3049.00,1630
2016.03.23,3047.00,3076.00,3023.00,3029.00,1115
2016.03.24,3020.00,3028.00,2983.00,2998.00,1003
2016.03.29,3006.00,3023.00,2981.00,3016.00,1257
2016.03.30,3019.00,3064.00,3015.00,3036.00,787
2016.03.31,3029.00,3031.00,2996.00,2997.00,838
2016.04.01,2978.00,2979.00,2916.00,2958.00,1471
2016.04.04,2960.00,2994.00,2929.00,2951.00,1072
2016.04.05,2928.00,2928.00,2879.00,2881.00,1201
2016.04.06,2897.00,2920.00,2881.00,2919.00,1024
2016.04.07,2911.00,2923.00,2846.00,2853.00,1143
2016.04.08,2871.00,2923.00,2871.00,2906.00,915
2016.04.11,2908.00,2948.00,2883.00,2910.00,1170
2016.04.12,2922.00,2952.00,2900.00,2949.00,1203
2016.04.13,2982.00,3042.00,2980.00,3034.00,900
2016.04.14,3043.00,3064.00,3028.00,3055.00,968
2016.04.15,3056.00,3061.00,3043.00,3047.00,640
2016.04.18,3011.00,3072.00,3005.00,3068.00,868
2016.04.19,3074.00,3118.00,3073.00,3116.00,704
2016.04.20,3095.00,3155.00,3091.00,3145.00,827
2016.04.21,3159.00,3161.00,3123.00,3142.00,1516
2016.04.22,3146.00,3153.00,3127.00,3148.00,882
2016.04.25,3137.00,3146.00,3103.00,3127.00,929
2016.04.26,3123.00,3150.00,3108.00,3128.00,763
2016.04.27,3114.00,3144.00,3109.00,3136.00,861
2016.04.28,3106.00,3126.00,3066.00,3089.00,902
2016.04.29,3082.00,3096.00,3023.00,3036.00,1258
2016.05.02,3033.00,3043.00,3018.00,3036.00,732
2016.05.03,3027.00,3035.00,2969.00,2975.00,1214
2016.05.04,2976.00,2982.00,2931.00,2939.00,1076
2016.05.05,2946.00,2960.00,2927.00,2936.00,894
2016.05.06,2922.00,2953.00,2892.00,2953.00,1245
2016.05.09,2960.00,2986.00,2938.00,2959.00,977
2016.05.10,2966.00,3003.00,2963.00,2988.00,923
2016.05.11,2975.00,2981.00,2940.00,2946.00,1057
2016.05.12,2955.00,2989.00,2925.00,2946.00,1148
2016.05.13,2917.00,2969.00,2903.00,2928.00,1393
2016.05.16,2940.00,2960.00,2914.00,2958.00,377
2016.05.17,2963.00,2991.00,2917.00,2920.00,1207
2016.05.18,2919.00,2963.00,2913.00,2951.00,1398
2016.05.19,2939.00,2949.00,2915.00,2931.00,1264
2016.05.20,2953.00,2963.00,2938.00,2959.00,870
2016.05.23,2953.00,2966.00,2921.00,2932.00,1010
2016.05.24,2925.00,3025.00,2917.00,3019.00,780
2016.05.25,3030.00,3070.00,3026.00,3056.00,658
2016.05.26,3048.00,3075.00,3048.00,3065.00,727
2016.05.27,3073.00,3083.00,3060.00,3080.00,520
2016.05.30,3084.00,3094.00,3072.00,3091.00,269
2016.05.31,3095.00,3097.00,3050.00,3063.00,601
2016.06.01,3061.00,3065.00,3026.00,3040.00,781
2016.06.02,3027.00,3052.00,3023.00,3048.00,840
2016.06.03,3049.00,3055.00,2978.00,3000.00,920
2016.06.06,2999.00,3012.00,2986.00,3000.00,608
2016.06.07,3009.00,3053.00,3009.00,3028.00,496
2016.06.08,3029.00,3035.00,3008.00,3021.00,479
2016.06.09,3012.00,3016.00,2979.00,2992.00,666
2016.06.10,2986.00,2988.00,2893.00,2904.00,824
2016.06.13,2869.00,2889.00,2834.00,2842.00,1176
2016.06.14,2840.00,2844.00,2794.00,2813.00,1231
2016.06.15,2815.00,2851.00,2815.00,2824.00,1099
2016.06.16,2790.00,2855.00,2778.00,2855.00,1347
2016.06.17,2851.00,2875.00,2832.00,2873.00,1126
2016.06.20,2944.00,2953.00,2917.00,2930.00,858
2016.06.21,2943.00,2999.00,2933.00,2980.00,1665
2016.06.22,2992.00,3002.00,2965.00,2967.00,4084
2016.06.23,3003.00,3064.00,2983.00,3054.00,7811
2016.06.24,2674.00,2841.00,2648.00,2748.00,12120
2016.06.27,2745.00,2799.00,2677.00,2722.00,10062
2016.06.28,2745.00,2790.00,2742.00,2782.00,5877
2016.06.29,2786.00,2836.00,2785.00,2831.00,4777
2016.06.30,2826.00,2907.50,2801.00,2888.50,5369
2016.07.01,2886.50,2896.50,2849.50,2875.50,7490
2016.07.04,2881.40,2896.40,2857.00,2869.00,3084
2016.07.05,2861.90,2861.90,2790.90,2801.40,7923
2016.07.06,2788.90,2807.10,2740.10,2784.10,9683
2016.07.07,2781.10,2807.10,2759.10,2772.10,6636
2016.07.08,2771.10,2852.10,2764.10,2833.60,6689
2016.07.11,2859.10,2889.10,2842.10,2870.10,5589
2016.07.12,2877.10,2940.10,2875.10,2928.00,4507
2016.07.13,2923.00,2946.00,2917.00,2926.70,4628
2016.07.14,2933.70,2977.70,2932.70,2958.70,5841
2016.07.15,2950.70,2969.70,2933.70,2955.70,4508
2016.07.18,2961.70,2982.70,2929.70,2944.70,4189
2016.07.19,2937.70,2948.70,2908.70,2930.70,4261
2016.07.20,2936.70,2971.70,2933.70,2959.70,3150
2016.07.21,2963.20,2978.70,2941.70,2954.70,5687
2016.07.22,2953.70,2982.70,2944.70,2974.70,4287
2016.07.25,2968.70,2998.70,2961.70,2969.70,3911
2016.07.26,2975.70,2987.00,2950.00,2981.00,3666
2016.07.27,2989.80,3016.80,2985.80,2987.00,3473
2016.07.28,2993.00,3007.00,2964.00,2987.00,4055
2016.07.29,2985.00,2993.00,2967.00,2989.00,3736
2016.08.01,3023.00,3032.00,2951.00,2953.00,2624
2016.08.02,2956.00,2963.00,2898.00,2907.00,4270
2016.08.03,2905.00,2923.00,2891.00,2921.00,3736
2016.08.04,2932.20,2946.30,2916.30,2933.30,3610
2016.08.05,2934.90,2977.90,2930.90,2969.90,2263
2016.08.08,2986.90,2998.90,2975.70,2981.70,1742
2016.08.09,2976.70,3029.50,2976.70,3018.50,2124
2016.08.10,3023.00,3030.50,3012.50,3014.50,2427
2016.08.11,3021.50,3049.50,3013.50,3044.50,2655
2016.08.12,3046.50,3049.50,3035.50,3040.50,2429
2016.08.15,3053.00,3065.00,3041.50,3043.00,1895
2016.08.16,3033.50,3039.00,3007.50,3009.00,3985
2016.08.17,3015.00,3026.00,2977.00,3000.50,4234
2016.08.18,3003.00,3004.50,2976.00,2991.50,3167
2016.08.19,2992.00,2995.50,2948.50,2973.00,3472
2016.08.22,2962.50,2998.00,2948.50,2965.50,4485
2016.08.23,2967.00,3002.00,2964.50,2988.00,3742
2016.08.24,2979.50,3018.00,2967.50,2999.00,4526
2016.08.25,3005.00,3006.00,2970.50,2979.00,4734
2016.08.26,2978.00,3017.00,2972.50,2997.00,5622
2016.08.29,2992.00,3009.00,2973.50,3008.00,3244
2016.08.30,3008.50,3042.00,3006.50,3031.00,3668
2016.08.31,3028.50,3050.00,3009.50,3021.50,4180
2016.09.01,3029.50,3055.00,3004.50,3027.50,5339
2016.09.02,3028.00,3087.00,3017.50,3084.00,5858
2016.09.05,3093.50,3096.00,3076.00,3083.00,3672
2016.09.06,3086.50,3095.00,3066.50,3076.00,4017
2016.09.07,3080.50,3097.00,3062.50,3087.00,4725
2016.09.08,3092.50,3102.00,3041.50,3084.00,7063
2016.09.09,3083.50,3087.00,3026.00,3027.00,7861
2016.09.12,3007.00,3048.00,2980.50,3047.00,8270
2016.09.13,3034.50,3036.00,2962.50,2983.00,7741
2016.09.14,2992.50,2995.00,2953.50,2961.00,9237
2016.09.15,2959.00,2986.00,2946.50,2982.00,8805
2016.09.16,2971.50,2975.00,2924.50,2940.00,7204
2016.09.19,2955.50,2973.00,2951.50,2957.00,4636
2016.09.20,2962.50,2987.00,2958.50,2966.00,5150
2016.09.21,2984.00,3011.00,2973.00,3002.00,7020
2016.09.22,3000.50,3065.00,2997.50,3050.00,3967
2016.09.23,3045.50,3047.00,3025.50,3026.00,3754
2016.09.26,3017.50,3020.00,2972.50,2977.00,4375
2016.09.27,2998.00,3002.00,2945.50,2981.00,4497
2016.09.28,2975.00,3015.50,2972.50,3015.50,4979
2016.09.29,3022.00,3032.50,2946.00,2957.50,6576
2016.09.30,2946.50,3010.50,2919.00,3005.00,8116
2016.10.03,2999.00,3009.50,2978.00,2994.50,1882
2016.10.04,3001.50,3040.50,2993.00,3004.50,6342
2016.10.05,3015.00,3032.50,2990.00,3029.00,5210
2016.10.06,3033.00,3044.50,3014.00,3034.50,5060
2016.10.07,3024.00,3029.50,2987.00,3000.00,7767
2016.10.10,3003.00,3040.50,2983.00,3031.90,3836
2016.10.11,3024.00,3050.50,3008.00,3017.50,5445
2016.10.12,3014.00,3028.50,3004.00,3014.50,5993
2016.10.13,2987.00,2993.50,2953.00,2987.50,6859
2016.10.14,2993.00,3038.50,2983.00,3023.50,4712
2016.10.17,3012.50,3027.50,3001.00,3009.50,4875
2016.10.18,3028.50,3055.50,3023.00,3048.50,3700
2016.10.19,3048.00,3063.50,3037.00,3056.50,3180
2016.10.20,3068.00,3087.50,3045.00,3079.50,5075
2016.10.21,3075.50,3087.50,3064.00,3084.50,3930
2016.10.24,3082.00,3109.00,3081.00,3095.00,2450
2016.10.25,3099.00,3107.00,3079.50,3088.50,3387
2016.10.26,3086.00,3086.00,3058.50,3076.00,4395
2016.10.27,3065.50,3098.00,3062.50,3080.00,5092
2016.10.28,3077.00,3083.00,3050.00,3057.50,7178
2016.10.31,3070.50,3072.00,3048.50,3059.50,3144
2016.11.01,3073.50,3079.00,2999.50,3012.00,5570
2016.11.02,2996.50,3005.00,2968.50,2982.00,5648
2016.11.03,2978.50,3001.00,2962.50,2968.00,5046
2016.11.04,2972.50,2973.00,2934.50,2936.00,4445
2016.11.07,2995.50,3014.00,2988.50,3012.50,2709
2016.11.08,3007.00,3043.00,3001.50,3036.00,4440
2016.11.09,2898.00,3073.00,2888.50,3063.00,20270
2016.11.10,3075.50,3106.00,3028.50,3058.00,11590
2016.11.11,3058.50,3069.00,3013.50,3037.00,8413
2016.11.14,3058.50,3072.00,3027.50,3047.00,8254
2016.11.15,3041.50,3061.00,3029.50,3061.00,5273
2016.11.16,3062.50,3063.00,3009.50,3026.00,4884
2016.11.17,3031.00,3053.00,3012.50,3053.00,4254
2016.11.18,3052.50,3058.00,3014.50,3022.00,4882
2016.11.21,3029.50,3046.50,3002.50,3046.00,4310
2016.11.22,3059.50,3062.00,3039.50,3055.00,3042
2016.11.23,3053.50,3055.00,3014.50,3039.00,3707
2016.11.24,3038.50,3049.50,3027.50,3045.50,2278
2016.11.25,3047.50,3061.30,3029.50,3056.30,1963
2016.11.28,3053.00,3053.00,3008.50,3011.00,3249
2016.11.29,3015.00,3046.50,3004.00,3036.00,3705
2016.11.30,3039.00,3065.50,3032.00,3042.50,3954
2016.12.01,3042.00,3051.50,3015.00,3015.50,5290
2016.12.02,3012.00,3026.50,2984.00,3015.50,4438
2016.12.05,2984.00,3073.50,2976.00,3060.50,8680
2016.12.06,3063.50,3125.50,3048.00,3119.50,4612
2016.12.07,3125.00,3171.50,3123.00,3159.50,4366
2016.12.08,3157.00,3198.00,3137.50,3189.00,7730
2016.12.09,3192.50,3214.00,3177.50,3211.00,4358
2016.12.12,3208.50,3208.50,3186.50,3190.50,4832
2016.12.13,3195.00,3245.00,3193.50,3234.50,4201
2016.12.14,3233.00,3239.00,3205.50,3208.00,5232
2016.12.15,3217.50,3259.00,3214.50,3248.00,6887
2016.12.16,3248.50,3276.50,3238.50,3251.00,4558
2016.12.19,3259.00,3261.50,3249.00,3251.50,3184
2016.12.20,3255.00,3281.50,3252.00,3278.50,2760
2016.12.21,3273.00,3279.50,3263.00,3271.50,2191
2016.12.22,3264.00,3276.00,3258.50,3265.50,1963
2016.12.23,3268.50,3279.00,3262.50,3273.00,1162
2016.12.27,3269.50,3283.00,3267.50,3273.50,845
2016.12.28,3280.00,3283.00,3263.50,3266.00,1381
2016.12.29,3268.00,3276.00,3259.50,3266.50,1389
2016.12.30,3271.00,3295.00,3260.50,3279.00,2423
2017.01.03,3311.50,3335.00,3305.50,3321.00,4121
2017.01.04,3327.00,3328.00,3301.50,3319.00,3064
2017.01.05,3305.50,3323.00,3298.50,3314.00,3430
2017.01.06,3310.50,3328.00,3299.50,3322.00,3778
2017.01.09,3328.50,3333.00,3295.50,3307.00,2349
2017.01.10,3306.00,3318.50,3295.50,3302.00,2493
2017.01.11,3305.50,3326.00,3284.50,3313.50,3694
2017.01.12,3299.50,3306.00,3279.50,3303.00,4378
2017.01.13,3305.00,3328.00,3295.50,3315.50,3268
2017.01.16,3302.50,3312.00,3292.50,3292.50,1638
2017.01.17,3288.50,3301.00,3265.50,3288.50,4215
2017.01.18,3299.50,3302.00,3273.50,3302.00,3143
2017.01.19,3302.50,3307.00,3277.50,3283.00,3830
2017.01.20,3289.50,3311.00,3277.50,3299.00,4491
2017.01.23,3281.50,3292.00,3259.50,3280.00,3067
2017.01.24,3281.50,3298.00,3267.50,3292.50,2149
2017.01.25,3297.00,3334.00,3294.50,3328.00,2733
2017.01.26,3336.00,3342.00,3308.50,3313.00,2969
2017.01.27,3316.00,3321.00,3292.50,3304.00,2992
2017.01.30,3291.50,3297.00,3252.50,3271.50,3204
2017.01.31,3262.00,3283.00,3228.50,3245.00,4338
2017.02.01,3259.50,3274.00,3253.50,3262.00,4428
2017.02.02,3242.50,3264.00,3239.50,3261.00,4239
2017.02.03,3252.50,3284.00,3252.50,3276.00,3461
2017.02.06,3274.50,3282.00,3227.50,3236.00,4736
2017.02.07,3225.50,3251.00,3216.50,3240.00,4269
2017.02.08,3245.50,3250.00,3212.50,3242.00,3960
2017.02.09,3244.00,3281.00,3241.00,3275.00,2232
2017.02.10,3289.00,3293.00,3263.00,3274.00,1995
2017.02.13,3275.50,3314.50,3274.50,3304.00,2484
2017.02.14,3303.00,3320.00,3295.50,3317.00,3418
2017.02.15,3320.50,3333.00,3309.50,3325.00,2842
2017.02.16,3320.50,3327.00,3302.50,3316.00,3762
2017.02.17,3309.50,3319.00,3280.50,3318.00,4093
2017.02.20,3324.50,3332.00,3303.50,3312.00,2302
2017.02.21,3313.00,3345.00,3299.50,3343.00,2648
2017.02.22,3342.50,3354.00,3322.50,3341.00,3289
2017.02.23,3340.50,3350.00,3324.50,3335.00,2917
2017.02.24,3328.00,3332.00,3278.50,3316.00,3679
2017.02.27,3314.00,3323.00,3301.50,3321.00,3279
2017.02.28,3318.00,3325.00,3301.50,3318.00,2735
2017.03.01,3327.50,3399.00,3327.50,3389.00,3395
2017.03.02,3392.50,3395.00,3377.50,3385.00,2658
2017.03.03,3375.50,3415.00,3370.50,3403.00,3175
2017.03.06,3394.50,3399.00,3378.50,3398.00,3123
2017.03.07,3395.50,3395.50,3374.50,3386.00,2560
2017.03.08,3380.50,3402.00,3374.50,3382.00,3215
2017.03.09,3385.00,3418.00,3379.50,3415.00,4252
2017.03.10,3424.00,3443.00,3406.50,3417.00,4052
2017.03.13,3416.50,3425.00,3408.50,3422.50,2935
2017.03.14,3422.50,3425.00,3387.50,3403.00,3154
2017.03.15,3402.50,3422.00,3397.50,3417.00,3258
2017.03.16,3431.50,3450.00,3428.50,3441.00,3788
2017.03.17,3436.00,3458.00,3427.50,3443.00,2455
2017.03.20,3440.50,3448.00,3430.00,3433.50,1474
2017.03.21,3439.50,3471.00,3410.50,3413.00,3714
2017.03.22,3409.50,3429.00,3394.50,3425.50,3809
2017.03.23,3427.50,3452.00,3412.00,3441.00,3731
2017.03.24,3450.50,3451.00,3432.50,3442.50,3335
2017.03.27,3422.50,3446.00,3407.50,3444.00,3255
2017.03.28,3451.50,3476.50,3436.50,3474.00,2650
2017.03.29,3473.50,3485.00,3462.50,3477.00,2431
2017.03.30,3470.50,3481.00,3460.50,3479.00,1548
2017.03.31,3472.00,3504.00,3463.50,3497.00,1980
2017.04.03,3500.50,3509.00,3456.50,3481.00,2984
2017.04.04,3472.00,3487.00,3461.50,3487.00,2344
2017.04.05,3485.50,3494.00,3455.00,3455.00,2662
2017.04.06,3451.00,3493.00,3443.50,3486.00,2974
2017.04.07,3479.00,3504.00,3469.50,3497.00,3337
2017.04.10,3495.50,3500.50,3471.50,3474.50,1995
2017.04.11,3471.50,3485.00,3444.50,3481.00,2826
2017.04.12,3480.00,3497.50,3458.50,3461.00,3549
2017.04.13,3463.50,3466.00,3433.50,3446.00,3443
2017.04.18,3457.50,3460.00,3392.50,3406.00,3517
2017.04.19,3407.50,3425.00,3400.50,3406.00,2504
2017.04.20,3410.50,3448.00,3403.50,3438.00,2967
2017.04.21,3440.50,3456.00,3416.50,3447.00,3436
2017.04.24,3531.00,3586.00,3528.50,3582.00,4889
2017.04.25,3588.00,3593.00,3572.50,3583.00,1728
2017.04.26,3586.50,3589.00,3561.50,3562.50,2179
2017.04.27,3562.50,3572.00,3553.50,3563.00,2413
2017.04.28,3559.50,3571.00,3552.50,3554.00,1901
2017.05.02,3556.00,3584.00,3555.50,3584.00,1158
2017.05.03,3577.00,3590.00,3569.50,3588.50,1419
2017.05.04,3585.00,3629.00,3585.00,3627.00,1422
2017.05.05,3612.00,3681.00,3606.50,3680.00,1844
2017.05.08,3679.50,3681.00,3633.50,3646.00,3275
2017.05.09,3649.00,3664.00,3637.50,3647.00,1593
2017.05.10,3639.50,3652.00,3632.50,3652.00,1637
2017.05.11,3646.50,3651.00,3606.50,3633.50,2655
2017.05.12,3624.50,3644.00,3618.50,3643.00,1806
2017.05.15,3639.50,3648.00,3618.50,3645.00,1754
2017.05.16,3634.00,3649.00,3628.50,3642.00,1670
2017.05.17,3628.50,3635.00,3555.50,3557.00,3666
2017.05.18,3569.00,3585.00,3527.50,3571.00,5235
2017.05.19,3568.50,3591.00,3565.50,3588.00,2361
2017.05.22,3594.50,3597.00,3570.50,3581.00,2230
2017.05.23,3571.50,3607.00,3567.50,3601.00,2787
2017.05.24,3595.50,3600.00,3579.50,3590.00,2072
2017.05.25,3600.50,3609.00,3571.50,3585.00,2928
2017.05.26,3578.00,3581.00,3546.50,3581.00,2316
2017.05.29,3583.50,3584.00,3568.50,3576.00,925
2017.05.30,3568.00,3571.00,3546.50,3560.00,2661
2017.05.31,3554.50,3589.00,3551.50,3559.00,3578
2017.06.01,3563.50,3582.00,3554.50,3582.00,2961
2017.06.02,3598.00,3616.00,3583.50,3599.00,3350
2017.06.05,3595.00,3595.00,3566.50,3578.00,708
2017.06.06,3564.50,3571.50,3541.50,3546.50,3374
2017.06.07,3547.00,3580.50,3536.50,3553.00,3606
2017.06.08,3552.00,3574.00,3546.50,3571.00,3951
2017.06.09,3568.50,3598.00,3558.50,3574.00,4584
2017.06.12,3570.50,3574.00,3532.50,3543.00,4657
2017.06.13,3546.00,3569.00,3545.50,3566.00,2844
2017.06.14,3559.50,3590.00,3540.50,3556.00,4379
2017.06.15,3545.50,3546.00,3498.50,3529.00,6123
2017.06.16,3532.50,3552.00,3525.50,3549.00,3383
2017.06.19,3563.50,3592.00,3563.50,3587.00,2435
2017.06.20,3594.00,3599.00,3549.50,3557.00,3026
2017.06.21,3550.50,3562.00,3519.50,3546.00,4022
2017.06.22,3553.50,3557.50,3524.50,3546.00,3070
2017.06.23,3548.50,3554.00,3525.50,3542.00,3422
2017.06.26,3550.00,3581.00,3548.50,3562.00,2581
2017.06.27,3559.50,3560.00,3515.50,3516.00,5063
2017.06.28,3518.00,3545.00,3495.50,3539.00,5136
2017.06.29,3553.50,3555.00,3445.50,3464.00,6903
2017.06.30,3469.50,3489.00,3432.50,3454.00,4722
2017.07.03,3465.00,3493.00,3455.50,3477.00,2682
2017.07.04,3473.50,3492.00,3467.50,3476.50,1954
2017.07.05,3476.00,3487.00,3465.00,3486.00,3306
2017.07.06,3480.50,3482.00,3432.50,3450.00,3846
2017.07.07,3453.50,3474.00,3448.50,3470.00,2862
2017.07.10,3479.50,3485.00,3465.50,3480.00,2345
2017.07.11,3483.50,3493.50,3457.50,3477.00,2735
2017.07.12,3472.50,3524.50,3469.50,3515.00,2657
2017.07.13,3519.00,3539.00,3513.00,3530.00,2612
2017.07.14,3533.00,3535.00,3510.50,3529.00,2432
2017.07.17,3532.00,3536.00,3502.50,3511.00,3002
2017.07.18,3507.00,3518.00,3467.50,3484.00,3785
2017.07.19,3490.00,3508.00,3476.00,3506.00,2766
2017.07.20,3510.60,3530.00,3485.60,3498.50,3402
2017.07.21,3497.50,3507.20,3436.20,3460.20,2569
2017.07.24,3454.90,3463.60,3430.80,3462.20,2147
2017.07.25,3464.10,3493.60,3453.10,3474.90,1895
2017.07.26,3470.90,3500.00,3469.80,3478.10,1945
2017.07.27,3486.10,3506.00,3468.10,3481.10,3002
2017.07.28,3471.10,3476.00,3449.20,3466.20,2483
2017.07.31,3463.00,3479.00,3439.20,3444.20,2122
2017.08.01,3457.20,3490.30,3446.50,3476.70,1900
2017.08.02,3480.20,3482.30,3450.00,3461.80,2075
2017.08.03,3459.00,3471.60,3437.00,3460.60,2201
2017.08.04,3462.30,3515.40,3455.20,3507.70,2057
2017.08.07,3511.60,3516.60,3496.30,3503.40,1637
2017.08.08,3498.40,3524.90,3492.40,3498.20,1776
2017.08.09,3488.60,3495.30,3451.70,3473.70,2946
2017.08.10,3464.70,3466.70,3411.50,3414.50,3696
2017.08.11,3410.50,3421.20,3391.50,3403.80,3243
2017.08.14,3422.60,3460.10,3421.60,3449.00,2242
2017.08.15,3460.90,3473.60,3452.00,3463.60,1909
2017.08.16,3462.60,3496.50,3461.60,3474.50,1858
2017.08.17,3475.50,3485.50,3434.60,3434.60,3617
2017.08.18,3442.60,3454.60,3419.50,3439.60,3018
2017.08.21,3436.40,3442.40,3409.80,3420.70,2502
2017.08.22,3434.70,3461.70,3431.70,3460.70,2085
2017.08.23,3456.70,3467.60,3430.80,3442.70,2338
2017.08.24,3438.60,3460.30,3438.60,3442.40,2094
2017.08.25,3449.30,3460.80,3432.40,3435.00,2602
2017.08.28,3427.90,3438.90,3411.00,3417.50,1675
2017.08.29,3397.40,3406.30,3361.70,3403.30,3411
2017.08.30,3410.30,3417.30,3396.40,3411.30,1663
2017.08.31,3417.80,3437.70,3414.00,3426.00,2036
2017.09.01,3427.00,3454.40,3427.00,3446.80,1771
2017.09.04,3430.60,3437.80,3415.60,3435.10,1281
2017.09.05,3432.00,3448.50,3393.50,3404.50,2674
2017.09.06,3403.50,3454.70,3396.50,3447.70,2625
2017.09.07,3443.40,3467.80,3437.90,3451.80,3181
2017.09.08,3437.80,3452.30,3432.40,3443.20,2111
2017.09.11,3460.50,3505.50,3460.50,3500.50,1271
2017.09.12,3502.00,3520.70,3500.60,3511.20,1749
2017.09.13,3508.80,3528.80,3502.70,3519.80,1589
2017.09.14,3515.90,3530.90,3511.10,3527.00,1516
2017.09.15,3523.40,3532.20,3508.60,3518.90,1893
2017.09.18,3525.80,3537.30,3521.80,3525.80,1419
2017.09.19,3527.60,3530.90,3519.60,3525.80,1444
2017.09.20,3524.60,3547.60,3519.20,3545.60,1820
2017.09.21,3542.30,3546.20,3535.40,3541.20,1613
2017.09.22,3536.30,3552.60,3530.30,3541.30,1490
2017.09.25,3536.30,3546.20,3526.10,3533.60,2022
2017.09.26,3533.70,3542.40,3528.70,3533.80,1760
2017.09.27,3541.70,3568.50,3538.70,3559.50,1784
2017.09.28,3559.80,3566.40,3555.70,3564.60,1559
2017.09.29,3564.00,3594.00,3560.10,3591.90,1389
2017.10.02,3596.10,3606.50,3587.40,3605.50,1552
2017.10.03,3609.70,3612.00,3598.10,3611.00,756
2017.10.04,3610.70,3610.70,3583.90,3591.40,1158
2017.10.05,3591.00,3617.30,3587.30,3614.30,1204
2017.10.06,3612.60,3614.50,3595.00,3609.80,1206
2017.10.09,3611.00,3617.80,3597.10,3597.10,1136
2017.10.10,3601.30,3614.30,3589.50,3611.30,1494
2017.10.11,3608.70,3611.40,3590.00,3607.30,1306
2017.10.12,3603.80,3611.40,3594.40,3604.00,942
2017.10.13,3605.50,3618.20,3598.20,3605.00,1025
2017.10.16,3608.40,3613.20,3598.30,3609.10,1111
2017.10.17,3610.10,3619.10,3597.50,3609.00,1034
2017.10.18,3608.70,3625.60,3606.00,3621.20,1013
2017.10.19,3619.70,3620.20,3585.40,3602.80,2013
2017.10.20,3611.30,3616.90,3599.50,3605.10,1294
2017.10.23,3606.10,3624.70,3596.60,3600.50,1168
2017.10.24,3603.30,3623.90,3601.50,3610.70,1376
2017.10.25,3604.30,3622.50,3575.70,3593.90,1990
2017.10.26,3597.30,3648.40,3579.70,3643.30,2278
2017.10.27,3649.30,3669.40,3643.80,3652.00,1931
2017.10.30,3643.50,3668.20,3643.00,3657.80,1362
2017.10.31,3658.60,3679.10,3657.00,3670.70,928
2017.11.01,3685.20,3708.40,3680.90,3695.00,2020
2017.11.02,3690.10,3698.30,3671.90,3694.10,1804
2017.11.03,3693.30,3697.60,3676.10,3688.90,1459
2017.11.06,3683.90,3687.00,3669.10,3686.70,1141
2017.11.07,3685.00,3696.10,3648.20,3653.40,2044
2017.11.08,3651.30,3667.30,3640.80,3654.90,2109
2017.11.09,3655.90,3661.10,3587.40,3612.40,4283
2017.11.10,3611.00,3619.30,3588.90,3593.90,2672
2017.11.13,3592.80,3602.80,3545.80,3576.70,2408
2017.11.14,3574.20,3588.60,3545.00,3555.30,2696
2017.11.15,3554.20,3554.20,3518.70,3543.00,3561
2017.11.16,3542.60,3576.70,3540.20,3573.00,2377
2017.11.17,3571.60,3574.10,3540.50,3545.70,2819
2017.11.20,3544.90,3566.50,3524.30,3559.20,3531
2017.11.21,3558.50,3591.20,3550.60,3578.70,2634
2017.11.22,3578.00,3595.90,3556.30,3557.30,2490
2017.11.23,3557.00,3580.80,3545.40,3568.20,2465
2017.11.24,3570.40,3601.10,3567.20,3578.30,2993
2017.11.27,3582.70,3596.20,3562.20,3568.90,3305
2017.11.28,3567.90,3603.80,3556.20,3598.70,3635
2017.11.29,3598.40,3619.40,3581.40,3589.70,3814
2017.11.30,3589.30,3613.60,3563.20,3566.20,4517
2017.12.01,3564.20,3576.00,3514.20,3545.30,7099
2017.12.04,3568.60,3586.80,3551.70,3561.70,5145
2017.12.05,3559.80,3582.50,3551.70,3552.80,5367
2017.12.06,3551.70,3569.20,3530.20,3560.70,5289
2017.12.07,3559.70,3581.70,3557.50,3581.40,3871
2017.12.08,3581.70,3611.80,3578.60,3596.60,3152
2017.12.11,3597.10,3604.40,3578.70,3594.70,2743
2017.12.12,3593.10,3599.60,3567.50,3594.40,2266
2017.12.13,3594.00,3602.50,3567.60,3571.60,2406
2017.12.14,3570.90,3581.60,3542.40,3543.40,2275
2017.12.15,3543.70,3572.70,3542.20,3568.70,2713
2017.12.18,3577.60,3614.10,3577.30,3606.40,2297
2017.12.19,3604.10,3613.00,3578.00,3582.30,1680
2017.12.20,3582.00,3590.60,3543.70,3547.00,2754
2017.12.21,3547.60,3574.50,3533.00,3553.80,2044
2017.12.22,3553.50,3564.90,3547.00,3560.20,1583
2017.12.27,3552.00,3569.00,3540.30,3546.10,1797
2017.12.28,3545.10,3549.50,3519.30,3523.90,1417
2017.12.29,3523.30,3530.30,3497.10,3499.10,1522
2018.01.02,3495.00,3518.80,3468.60,3487.20,2242
2018.01.03,3487.50,3519.70,3485.60,3514.60,1843
2018.01.04,3515.90,3580.60,3514.00,3568.50,2084
2018.01.05,3568.80,3612.20,3565.40,3608.20,1935
2018.01.08,3614.00,3623.10,3608.00,3617.50,2155
2018.01.09,3616.90,3631.50,3610.90,3624.10,2515
2018.01.10,3623.50,3626.40,3598.10,3608.40,2861
2018.01.11,3605.90,3618.00,3587.60,3605.30,2760
2018.01.12,3605.00,3615.50,3597.20,3610.40,2331
2018.01.15,3618.70,3623.30,3602.60,3608.50,2200
2018.01.16,3612.80,3638.20,3591.90,3603.30,3234
2018.01.17,3602.70,3632.20,3597.10,3623.50,3684
2018.01.18,3622.90,3630.20,3605.40,3617.60,3894
2018.01.19,3617.90,3658.30,3611.10,3658.30,3106
2018.01.22,3646.90,3677.90,3644.00,3673.80,2531
2018.01.23,3673.50,3688.90,3662.30,3668.40,3110
2018.01.24,3667.10,3674.90,3631.80,3648.10,3593
2018.01.25,3646.80,3658.90,3612.70,3637.10,4448
2018.01.26,3637.40,3664.40,3629.60,3664.40,2843
2018.01.29,3664.90,3670.40,3635.30,3640.80,3116
2018.01.30,3640.00,3645.70,3600.30,3605.10,5616
2018.01.31,3605.40,3621.20,3599.70,3608.80,4670
2018.02.01,3607.30,3635.70,3566.30,3576.50,4885
2018.02.02,3580.00,3585.40,3493.40,3500.40,6409
2018.02.05,3476.70,3507.90,3311.30,3346.40,12618
2018.02.06,3347.20,3475.70,3216.50,3456.10,34651
2018.02.07,3459.40,3473.50,3401.20,3424.00,15736
2018.02.08,3419.20,3443.30,3338.80,3361.80,17227
2018.02.09,3359.20,3382.80,3258.90,3352.00,20709
2018.02.12,3367.80,3392.20,3351.80,3383.60,10768
2018.02.13,3384.70,3391.80,3338.20,3355.40,10845
2018.02.14,3355.10,3394.90,3313.60,3385.10,8878
2018.02.15,3383.10,3414.20,3375.30,3397.40,7736
2018.02.16,3396.10,3440.20,3394.40,3428.10,6032
2018.02.19,3433.40,3446.70,3399.70,3405.70,3624
2018.02.20,3404.10,3437.80,3395.60,3417.70,8012
2018.02.21,3416.70,3442.20,3399.30,3405.60,8321
2018.02.22,3405.40,3439.80,3385.10,3434.10,8934
2018.02.23,3432.80,3458.90,3422.80,3454.90,5993
2018.02.26,3461.70,3486.10,3448.40,3483.90,4825
2018.02.27,3483.30,3486.70,3437.00,3443.90,6374
2018.02.28,3442.30,3462.80,3416.20,3424.20,7771
2018.03.01,3423.90,3435.00,3351.20,3374.80,12135
2018.03.02,3373.90,3381.10,3315.40,3352.50,9139
2018.03.05,3337.60,3372.40,3291.90,3365.50,9817
2018.03.06,3366.20,3389.70,3354.20,3361.20,6154
2018.03.07,3331.20,3386.40,3311.70,3378.10,10673
2018.03.08,3378.60,3419.30,3373.90,3412.60,5580
2018.03.09,3411.80,3434.40,3402.60,3425.00,4770
2018.03.12,3422.10,3445.60,3416.80,3422.30,4261
2018.03.13,3421.80,3446.20,3371.70,3380.20,5405
2018.03.14,3377.20,3416.70,3372.20,3396.40,6877
2018.03.15,3395.30,3418.70,3383.30,3418.70,6313
2018.03.16,3416.30,3448.30,3407.30,3433.10,4261
2018.03.19,3427.00,3429.10,3376.60,3399.60,6291
2018.03.20,3397.10,3418.70,3382.40,3416.70,5472
2018.03.21,3415.70,3421.70,3380.60,3387.60,4860
2018.03.22,3387.20,3396.90,3310.80,3314.80,7461
2018.03.23,3311.00,3323.50,3262.30,3266.40,13548
2018.03.26,3265.30,3319.90,3261.30,3306.40,9683
2018.03.27,3305.40,3336.40,3267.20,3280.60,8524
2018.03.28,3280.30,3349.30,3267.60,3334.50,12957
2018.03.29,3336.70,3380.40,3324.00,3368.40,8754
2018.04.03,3334.30,3363.90,3323.20,3359.30,5679
2018.04.04,3358.70,3374.40,3299.50,3371.00,9332
2018.04.05,3371.70,3433.70,3369.70,3422.60,6741
2018.04.06,3416.70,3421.00,3365.50,3382.60,12909
2018.04.09,3388.60,3433.40,3388.60,3412.50,8347
2018.04.10,3411.40,3456.80,3402.00,3428.30,11894
2018.04.11,3422.70,3434.70,3410.60,3414.70,5139
2018.04.12,3415.00,3447.20,3412.60,3443.10,6002
2018.04.13,3439.00,3466.40,3428.90,3447.40,5594
2018.04.16,3469.30,3472.80,3434.80,3446.60,5383
2018.04.17,3444.60,3485.90,3443.70,3476.70,3913
2018.04.18,3475.70,3495.30,3475.20,3495.00,3596
2018.04.19,3496.00,3498.50,3472.80,3481.10,3432
2018.04.20,3480.10,3504.50,3475.60,3488.20,4535
2018.04.23,3504.00,3515.30,3481.80,3512.80,4335
2018.04.24,3511.30,3523.20,3470.60,3485.10,4889
2018.04.25,3479.80,3501.60,3463.10,3499.00,6371
2018.04.26,3499.10,3527.70,3475.90,3522.20,5234
2018.04.27,3521.90,3523.40,3502.50,3514.40,4277
2018.04.30,3519.40,3537.60,3513.20,3521.70,3412
2018.05.02,3533.00,3557.20,3529.90,3538.90,2462
2018.05.03,3534.70,3548.80,3522.30,3543.90,3839
2018.05.04,3541.10,3559.10,3524.00,3555.10,4744
2018.05.07,3549.60,3567.50,3539.30,3555.70,3450
2018.05.08,3555.80,3564.60,3540.90,3563.40,3647
2018.05.09,3562.60,3579.30,3556.70,3574.30,3032
2018.05.10,3567.90,3576.30,3548.20,3567.40,2984
2018.05.11,3562.30,3572.90,3555.30,3563.30,2701
2018.05.14,3572.50,3577.80,3552.60,3559.60,2725
2018.05.15,3558.90,3570.20,3551.00,3563.10,3149
2018.05.16,3564.40,3571.20,3549.90,3569.30,3096
2018.05.17,3569.60,3593.30,3561.90,3583.00,2881
2018.05.18,3576.80,3594.10,3565.50,3571.50,3258
2018.05.21,3586.40,3595.40,3570.10,3579.10,2196
2018.05.22,3578.10,3594.50,3571.80,3581.00,2483
2018.05.23,3580.60,3582.40,3527.10,3545.00,4275
2018.05.24,3544.40,3560.40,3506.20,3533.30,4318
2018.05.25,3532.60,3550.70,3492.30,3513.90,4406
2018.05.28,3516.30,3542.10,3472.80,3481.30,3843
2018.05.29,3479.80,3483.40,3397.30,3424.90,8255
2018.05.30,3417.50,3457.30,3407.60,3446.60,6967
2018.05.31,3442.00,3454.50,3390.80,3420.80,6749
2018.06.01,3421.40,3467.80,3419.20,3462.90,4503
2018.06.04,3460.30,3484.90,3456.20,3466.30,3828
2018.06.05,3464.50,3496.50,3451.10,3454.20,3899
2018.06.06,3453.60,3479.70,3432.90,3478.50,3712
2018.06.07,3477.80,3489.30,3429.20,3440.20,3756
2018.06.08,3438.20,3457.30,3421.40,3451.30,4326
2018.06.11,3441.50,3473.10,3435.20,3463.70,2455
