2013.08.23,8000.0,8013.0,7948.0,8008.0,3890
2013.08.26,8021.0,8035.0,7992.0,8028.0,1993
2013.08.27,7977.0,8004.0,7875.0,7904.0,5028
2013.08.28,7868.0,7884.0,7739.0,7776.0,6193
2013.08.29,7770.0,7794.0,7721.0,7768.0,4661
2013.08.30,7771.0,7796.0,7705.0,7765.0,4959
2013.09.02,7848.0,7899.0,7843.0,7886.0,1903
2013.09.03,7896.0,7930.0,7851.0,7868.0,5707
2013.09.04,7884.0,7903.0,7817.0,7869.0,5905
2013.09.05,7883.0,7939.0,7848.0,7916.0,6044
2013.09.06,7932.0,7964.0,7872.0,7942.0,5953
2013.09.09,7964.0,7973.0,7896.0,7930.0,4967
2013.09.10,7986.0,8047.0,7968.0,8042.0,4700
2013.09.11,8052.0,8066.0,8027.0,8054.0,3626
2013.09.12,8086.0,8088.0,8011.0,8032.0,3621
2013.09.13,8027.0,8035.0,8001.0,8030.0,3731
2013.09.16,8082.0,8130.0,8021.0,8038.0,3368
2013.09.17,8026.0,8029.0,7985.0,8013.0,3285
2013.09.18,8027.0,8056.0,8013.0,8046.0,2810
2013.09.19,8110.0,8143.0,8078.0,8096.0,2645
2013.09.20,8110.0,8132.0,8093.0,8095.0,3225
2013.09.23,8094.0,8127.0,8043.0,8062.0,3547
2013.09.24,8065.0,8090.0,8017.0,8049.0,3080
2013.09.25,8048.0,8077.0,8020.0,8054.0,4092
2013.09.26,8053.0,8081.0,8013.0,8055.0,3601
2013.09.27,8046.0,8074.0,8020.0,8053.0,4419
2013.09.30,7996.0,8024.0,7984.0,8014.0,4427
2013.10.01,8011.0,8066.0,8006.0,8065.0,4267
2013.10.02,8045.0,8052.0,7921.0,7950.0,5419
2013.10.03,7979.0,8005.0,7928.0,7928.0,3292
2013.10.04,7911.0,7954.0,7880.0,7948.0,5690
2013.10.07,7918.0,7918.0,7854.0,7880.0,3863
2013.10.08,7870.0,7892.0,7818.0,7822.0,4195
2013.10.09,7797.0,7806.0,7726.0,7735.0,4414
2013.10.10,7779.0,7867.0,7761.0,7840.0,4754
2013.10.11,7883.0,7939.0,7861.0,7939.0,3968
2013.10.14,7927.0,7937.0,7889.0,7917.0,4034
2013.10.15,7961.0,8020.0,7957.0,7996.0,5292
2013.10.16,7967.0,7992.0,7898.0,7987.0,5415
2013.10.17,7983.0,8053.0,7982.0,8019.0,5555
2013.10.18,8075.0,8082.0,8027.0,8069.0,5525
2013.10.21,8114.0,8126.0,8072.0,8122.0,3780
2013.10.22,8134.0,8242.0,8112.0,8199.0,4599
2013.10.23,8192.0,8219.0,8174.0,8216.0,4888
2013.10.24,8235.0,8244.0,8190.0,8232.0,4294
2013.10.25,8228.0,8271.0,8196.0,8234.0,4349
2013.10.28,8281.0,8289.0,8257.0,8287.0,3699
2013.10.29,8282.0,8286.0,8219.0,8232.0,3903
2013.10.30,8260.0,8275.0,8205.0,8223.0,4114
2013.10.31,8211.0,8249.0,8207.0,8244.0,4747
2013.11.01,8242.0,8251.0,8171.0,8208.0,4207
2013.11.04,8253.0,8259.0,8185.0,8192.0,3675
2013.11.05,8223.0,8223.0,8125.0,8135.0,3925
2013.11.06,8177.0,8251.0,8169.0,8225.0,3555
2013.11.07,8218.0,8294.0,8211.0,8222.0,5246
2013.11.08,8194.0,8247.0,8168.0,8227.0,6364
2013.11.11,8273.0,8298.0,8256.0,8267.0,3607
2013.11.12,8279.0,8297.0,8244.0,8260.0,4650
2013.11.13,8247.0,8263.0,8194.0,8222.0,6747
2013.11.14,8284.0,8313.0,8267.0,8309.0,4267
2013.11.15,8319.0,8328.0,8294.0,8319.0,3795
2013.11.18,8320.0,8365.0,8305.0,8349.0,4198
2013.11.19,8322.0,8330.0,8283.0,8304.0,3814
2013.11.20,8280.0,8316.0,8249.0,8283.0,3524
2013.11.21,8250.0,8303.0,8227.0,8272.0,4060
2013.11.22,8279.0,8340.0,8245.0,8254.0,4589
2013.11.25,8271.0,8321.0,8270.0,8308.0,1888
2013.11.26,8292.0,8298.0,8244.0,8254.0,2812
2013.11.27,8257.0,8272.0,8222.0,8256.0,2142
2013.11.28,8247.0,8265.0,8233.0,8254.0,1918
2013.11.29,8251.0,8285.0,8244.0,8273.0,2127
2013.12.02,8266.0,8286.0,8230.0,8274.0,2669
2013.12.03,8239.0,8250.0,8092.0,8096.0,3903
2013.12.04,8105.0,8125.0,8023.0,8031.0,5233
2013.12.05,8021.0,8078.0,8006.0,8022.0,5576
2013.12.06,8029.0,8076.0,8005.0,8070.0,4962
2013.12.09,8086.0,8090.0,8032.0,8060.0,2987
2013.12.10,8044.0,8045.0,7963.0,7971.0,3931
2013.12.11,7966.0,8011.0,7922.0,7946.0,3785
2013.12.12,7923.0,7940.0,7843.0,7851.0,5113
2013.12.13,7846.0,7869.0,7809.0,7832.0,3285
2013.12.16,7797.0,7899.0,7737.0,7858.0,3926
2013.12.17,7834.0,7886.0,7831.0,7849.0,3455
2013.12.18,7855.0,7910.0,7846.0,7887.0,3841
2013.12.19,7956.0,8022.0,7937.0,8021.0,4073
2013.12.20,8053.0,8097.0,8046.0,8096.0,3657
2013.12.27,8186.0,8233.0,8155.0,8230.0,2222
2013.12.30,8231.0,8243.0,8168.0,8195.0,2852
2014.01.03,8204.0,8279.0,8183.0,8279.0,1840
2014.01.06,8265.0,8289.0,8232.0,8262.0,3647
2014.01.07,8281.0,8347.0,8267.0,8334.0,3263
2014.01.08,8351.0,8363.0,8310.0,8333.0,3986
2014.01.09,8341.0,8363.0,8278.0,8288.0,4733
2014.01.10,8359.0,8402.0,8345.0,8368.0,5024
2014.01.13,8383.0,8421.0,8371.0,8417.0,2839
2014.01.14,8358.0,8391.0,8325.0,8385.0,4249
2014.01.15,8414.0,8435.0,8387.0,8432.0,3842
2014.01.16,8447.0,8465.0,8418.0,8459.0,4113
2014.01.17,8478.0,8488.0,8456.0,8464.0,4225
2014.01.20,8468.0,8501.0,8464.0,8473.0,2453
2014.01.21,8498.0,8542.0,8461.0,8463.0,3841
2014.01.22,8507.0,8512.0,8428.0,8453.0,3673
2014.01.23,8459.0,8500.0,8381.0,8413.0,5037
2014.01.24,8423.0,8423.0,8191.0,8198.0,7842
2014.01.27,8183.0,8189.0,8100.0,8127.0,7585
2014.01.28,8125.0,8216.0,8116.0,8175.0,6551
2014.01.29,8232.0,8244.0,8073.0,8134.0,9874
2014.01.30,8108.0,8204.0,8062.0,8191.0,7037
2014.01.31,8182.0,8197.0,8080.0,8165.0,8696
2014.02.03,8141.0,8242.0,8091.0,8101.0,7658
2014.02.04,8036.0,8118.0,8016.0,8094.0,8153
2014.02.05,8087.0,8135.0,8065.0,8112.0,7306
2014.02.06,8117.0,8233.0,8107.0,8218.0,7199
2014.02.07,8246.0,8319.0,8226.0,8314.0,6956
2014.02.10,8350.0,8363.0,8307.0,8322.0,5234
2014.02.11,8368.0,8373.0,8316.0,8355.0,5239
2014.02.12,8387.0,8438.0,8384.0,8393.0,4909
2014.02.13,8368.0,8395.0,8326.0,8391.0,4822
2014.02.14,8394.0,8425.0,8361.0,8415.0,3671
2014.02.17,8431.0,8456.0,8410.0,8411.0,2385
2014.02.18,8434.0,8435.0,8376.0,8409.0,3202
2014.02.19,8407.0,8417.0,8361.0,8405.0,3128
2014.02.20,8363.0,8387.0,8336.0,8385.0,3792
2014.02.21,8417.0,8452.0,8396.0,8438.0,3379
2014.02.24,8425.0,8482.0,8404.0,8472.0,3430
2014.02.25,8473.0,8508.0,8451.0,8506.0,3666
2014.02.26,8522.0,8526.0,8458.0,8524.0,3274
2014.02.27,8448.0,8475.0,8425.0,8462.0,5732
2014.02.28,8497.0,8515.0,8446.0,8468.0,4003
2014.03.03,8371.0,8380.0,8267.0,8273.0,6701
2014.03.04,8330.0,8449.0,8330.0,8446.0,4976
2014.03.05,8435.0,8472.0,8417.0,8459.0,4264
2014.03.06,8432.0,8485.0,8428.0,8474.0,4517
2014.03.07,8470.0,8490.0,8371.0,8382.0,5044
2014.03.10,8367.0,8400.0,8323.0,8360.0,4574
2014.03.11,8384.0,8409.0,8349.0,8358.0,3762
2014.03.12,8322.0,8367.0,8271.0,8316.0,5175
2014.03.13,8323.0,8326.0,8207.0,8217.0,4383
2014.03.14,8163.0,8182.0,8088.0,8121.0,6896
2014.03.17,8114.0,8188.0,8089.0,8167.0,4229
2014.03.18,8163.0,8289.0,8142.0,8251.0,4508
2014.03.19,8246.0,8262.0,8227.0,8233.0,3653
2014.03.20,8180.0,8260.0,8173.0,8258.0,4986
2014.03.21,8269.0,8325.0,8265.0,8304.0,4220
2014.03.24,8276.0,8303.0,8172.0,8210.0,5236
2014.03.25,8217.0,8315.0,8192.0,8300.0,4774
2014.03.26,8329.0,8391.0,8305.0,8333.0,5520
2014.03.27,8318.0,8359.0,8303.0,8318.0,6167
2014.03.28,8327.0,8387.0,8323.0,8368.0,4233
2014.03.31,8398.0,8489.0,8397.0,8437.0,4095
2014.04.01,8477.0,8509.0,8451.0,8458.0,3879
2014.04.02,8492.0,8525.0,8459.0,8512.0,4017
2014.04.03,8510.0,8546.0,8496.0,8526.0,5559
2014.04.04,8522.0,8533.0,8470.0,8492.0,5039
2014.04.07,8434.0,8448.0,8386.0,8408.0,5311
2014.04.08,8411.0,8444.0,8388.0,8427.0,5487
2014.04.09,8426.0,8437.0,8381.0,8399.0,3812
2014.04.10,8440.0,8476.0,8387.0,8418.0,6041
2014.04.11,8360.0,8367.0,8235.0,8303.0,7633
2014.04.14,8194.0,8313.0,8194.0,8304.0,5562
2014.04.15,8301.0,8351.0,8262.0,8271.0,6348
2014.04.16,8360.0,8361.0,8291.0,8317.0,4906
2014.04.17,8307.0,8378.0,8293.0,8371.0,5282
2014.04.22,8408.0,8491.0,8407.0,8468.0,4702
2014.04.23,8464.0,8494.0,8438.0,8439.0,3801
2014.04.24,8452.0,8470.0,8345.0,8405.0,5094
2014.04.25,8402.0,8407.0,8351.0,8368.0,5448
2014.04.28,8388.0,8428.0,8379.0,8384.0,4907
2014.04.29,8402.0,8462.0,8392.0,8451.0,4912
2014.04.30,8435.0,8490.0,8429.0,8476.0,4904
2014.05.02,8473.0,8494.0,8424.0,8431.0,5270
2014.05.05,8426.0,8438.0,8342.0,8399.0,2991
2014.05.06,8440.0,8444.0,8368.0,8392.0,5112
2014.05.07,8379.0,8442.0,8365.0,8414.0,6443
2014.05.08,8438.0,8475.0,8422.0,8467.0,5518
2014.05.09,8437.0,8501.0,8433.0,8498.0,4471
2014.05.12,8515.0,8549.0,8487.0,8541.0,4199
2014.05.13,8553.0,8566.0,8509.0,8530.0,3699
2014.05.14,8560.0,8609.0,8556.0,8606.0,3571
2014.05.15,8600.0,8672.0,8597.0,8629.0,5254
2014.05.16,8658.0,8681.0,8622.0,8653.0,6634
2014.05.19,8674.0,8677.0,8595.0,8659.0,5912
2014.05.20,8649.0,8687.0,8629.0,8640.0,4259
2014.05.21,8628.0,8670.0,8604.0,8658.0,4143
2014.05.22,8671.0,8696.0,8636.0,8695.0,3616
2014.05.23,8698.0,8730.0,8676.0,8723.0,3281
2014.05.26,8708.0,8713.0,8697.0,8709.0,524
2014.05.27,8715.0,8717.0,8672.0,8713.0,2907
2014.05.28,8715.0,8719.0,8692.0,8714.0,2755
2014.05.30,8711.0,8713.0,8656.0,8658.0,2838
2014.06.02,8698.0,8721.0,8673.0,8692.0,3182
2014.06.03,8697.0,8698.0,8647.0,8656.0,2484
2014.06.04,8659.0,8692.0,8640.0,8655.0,2906
2014.06.05,8647.0,8702.0,8643.0,8653.0,5300
2014.06.06,8641.0,8660.0,8605.0,8650.0,3507
2014.06.10,8663.0,8756.0,8651.0,8753.0,2840
2014.06.11,8761.0,8762.0,8690.0,8693.0,3103
2014.06.12,8716.0,8721.0,8660.0,8670.0,2635
2014.06.13,8666.0,8666.0,8589.0,8652.0,3555
2014.06.16,8625.0,8666.0,8625.0,8662.0,3157
2014.06.17,8676.0,8682.0,8646.0,8673.0,3895
2014.06.18,8680.0,8697.0,8648.0,8656.0,2534
2014.06.19,8702.0,8711.0,8653.0,8657.0,2603
2014.06.20,8684.0,8726.0,8679.0,8716.0,2495
2014.06.23,8709.0,8710.0,8631.0,8645.0,3914
2014.06.24,8671.0,8689.0,8638.0,8668.0,2750
2014.06.25,8624.0,8639.0,8558.0,8591.0,3412
2014.06.26,8602.0,8612.0,8519.0,8542.0,3714
2014.06.27,8557.0,8566.0,8529.0,8564.0,2889
2014.06.30,8573.0,8595.0,8532.0,8558.0,3322
2014.07.01,8564.0,8626.0,8561.0,8616.0,2682
2014.07.02,8611.0,8640.0,8594.0,8606.0,2937
2014.07.03,8616.0,8700.0,8605.0,8696.0,3284
2014.07.04,8685.0,8703.0,8678.0,8681.0,696
2014.07.07,8669.0,8678.0,8601.0,8605.0,2789
2014.07.08,8614.0,8618.0,8548.0,8552.0,3813
2014.07.09,8562.0,8565.0,8504.0,8539.0,3303
2014.07.10,8540.0,8545.0,8429.0,8477.0,6256
2014.07.11,8494.0,8503.0,8424.0,8459.0,3875
2014.07.14,8499.0,8593.0,8490.0,8585.0,3437
2014.07.15,8560.0,8614.0,8540.0,8573.0,5414
2014.07.16,8587.0,8650.0,8579.0,8616.0,3906
2014.07.17,8588.0,8612.0,8534.0,8558.0,4245
2014.07.18,8522.0,8545.0,8486.0,8514.0,4957
2014.07.21,8520.0,8523.0,8473.0,8503.0,4915
2014.07.22,8542.0,8597.0,8523.0,8588.0,3824
2014.07.23,8573.0,8613.0,8554.0,8593.0,3991
2014.07.24,8591.0,8660.0,8589.0,8638.0,5385
2014.07.25,8626.0,8628.0,8545.0,8549.0,4117
2014.07.28,8572.0,8592.0,8490.0,8517.0,5074
2014.07.29,8552.0,8564.0,8501.0,8538.0,4846
2014.07.30,8517.0,8535.0,8469.0,8490.0,5158
2014.07.31,8493.0,8509.0,8393.0,8406.0,8262
2014.08.04,8351.0,8407.0,8281.0,8301.0,7454
2014.08.05,8294.0,8386.0,8292.0,8346.0,6445
2014.08.06,8308.0,8312.0,8215.0,8288.0,8241
2014.08.07,8304.0,8343.0,8276.0,8300.0,8355
2014.08.08,8227.0,8278.0,8180.0,8266.0,8318
2014.08.11,8312.0,8357.0,8291.0,8328.0,4954
2014.08.12,8327.0,8358.0,8310.0,8319.0,5365
2014.08.13,8352.0,8392.0,8341.0,8384.0,4161
2014.08.14,8373.0,8446.0,8362.0,8443.0,4954
2014.08.15,8452.0,8483.0,8375.0,8381.0,5069
2014.08.18,8438.0,8468.0,8423.0,8453.0,3772
2014.08.19,8469.0,8529.0,8450.0,8529.0,2816
2014.08.20,8533.0,8538.0,8505.0,8524.0,3431
2014.08.21,8556.0,8592.0,8532.0,8576.0,3481
2014.08.22,8561.0,8579.0,8530.0,8551.0,4903
2014.08.25,8590.0,8621.0,8573.0,8617.0,2878
2014.08.26,8611.0,8676.0,8599.0,8672.0,2952
2014.08.27,8661.0,8687.0,8642.0,8662.0,2595
2014.08.28,8664.0,8668.0,8596.0,8617.0,5227
2014.08.29,8648.0,8667.0,8608.0,8648.0,4059
2014.09.01,8685.0,8753.0,8682.0,8746.0,3578
2014.09.02,8757.0,8774.0,8737.0,8755.0,3642
2014.09.03,8784.0,8852.0,8778.0,8818.0,4193
2014.09.04,8797.0,8855.0,8785.0,8836.0,5749
2014.09.05,8817.0,8830.0,8763.0,8789.0,5206
2014.09.08,8803.0,8817.0,8776.0,8809.0,3280
2014.09.09,8797.0,8846.0,8791.0,8825.0,3460
2014.09.10,8794.0,8816.0,8773.0,8810.0,3783
2014.09.11,8832.0,8837.0,8790.0,8820.0,4191
2014.09.12,8840.0,8840.0,8774.0,8777.0,3226
2014.09.15,8766.0,8801.0,8750.0,8794.0,3068
2014.09.16,8801.0,8807.0,8775.0,8799.0,3676
2014.09.17,8826.0,8829.0,8801.0,8819.0,3027
2014.09.18,8841.0,8846.0,8788.0,8825.0,3403
2014.09.19,8854.0,8895.0,8812.0,8828.0,2691
2014.09.22,8799.0,8837.0,8787.0,8813.0,3434
2014.09.23,8806.0,8815.0,8728.0,8764.0,3618
2014.09.24,8758.0,8805.0,8752.0,8803.0,3627
2014.09.25,8815.0,8841.0,8741.0,8757.0,5228
2014.09.26,8765.0,8805.0,8724.0,8779.0,5253
2014.09.29,8787.0,8800.0,8742.0,8773.0,5126
2014.09.30,8769.0,8850.0,8768.0,8850.0,4250
2014.10.01,8808.0,8839.0,8771.0,8782.0,5069
2014.10.02,8752.0,8768.0,8641.0,8645.0,6828
2014.10.03,8689.0,8706.0,8628.0,8677.0,2565
2014.10.06,8732.0,8748.0,8709.0,8722.0,5362
2014.10.07,8693.0,8699.0,8548.0,8554.0,5693
2014.10.08,8513.0,8540.0,8463.0,8496.0,5492
2014.10.09,8587.0,8598.0,8475.0,8479.0,6593
2014.10.10,8403.0,8446.0,8332.0,8376.0,7725
2014.10.13,8305.0,8388.0,8264.0,8340.0,7127
2014.10.14,8294.0,8350.0,8224.0,8342.0,7251
2014.10.15,8308.0,8328.0,8079.0,8142.0,9811
2014.10.16,8158.0,8195.0,7866.0,8049.0,15792
2014.10.17,8042.0,8276.0,8040.0,8264.0,9596
2014.10.20,8255.0,8290.0,8177.0,8283.0,9356
2014.10.21,8265.0,8398.0,8230.0,8392.0,7537
2014.10.22,8441.0,8511.0,8402.0,8505.0,6004
2014.10.23,8474.0,8551.0,8433.0,8546.0,7003
2014.10.24,8522.0,8538.0,8490.0,8521.0,6128
2014.10.27,8562.0,8597.0,8491.0,8520.0,7123
2014.10.28,8563.0,8648.0,8560.0,8634.0,4410
2014.10.29,8656.0,8681.0,8644.0,8646.0,4662
2014.10.30,8672.0,8728.0,8598.0,8714.0,8152
2014.10.31,8838.0,8846.0,8772.0,8813.0,5263
2014.11.03,8842.0,8845.0,8734.0,8747.0,4613
2014.11.04,8751.0,8800.0,8702.0,8705.0,5554
2014.11.05,8767.0,8852.0,8750.0,8843.0,4611
2014.11.06,8836.0,8877.0,8801.0,8856.0,7202
2014.11.07,8889.0,8892.0,8784.0,8799.0,6426
2014.11.10,8829.0,8864.0,8796.0,8859.0,4222
2014.11.11,8880.0,8905.0,8861.0,8902.0,3180
2014.11.12,8890.0,8893.0,8837.0,8862.0,5260
2014.11.13,8907.0,8947.0,8875.0,8942.0,4789
2014.11.14,8952.0,8966.0,8888.0,8909.0,5090
2014.11.17,8865.0,8937.0,8847.0,8930.0,3930
2014.11.18,8936.0,8986.0,8928.0,8969.0,3505
2014.11.19,8971.0,8998.0,8945.0,8973.0,3424
2014.11.20,8978.0,8991.0,8942.0,8984.0,4004
2014.11.21,9006.0,9086.0,9001.0,9085.0,3998
2014.11.24,9083.0,9101.0,9050.0,9061.0,3972
2014.11.25,9065.0,9085.0,9039.0,9040.0,3565
2014.11.26,9077.0,9087.0,9046.0,9052.0,4076
2014.11.27,9071.0,9121.0,9057.0,9114.0,2779
2014.11.28,9128.0,9155.0,9083.0,9153.0,3921
2014.12.01,9115.0,9167.0,9095.0,9139.0,4995
2014.12.02,9158.0,9195.0,9128.0,9144.0,5009
2014.12.03,9146.0,9207.0,9129.0,9154.0,4650
2014.12.04,9183.0,9220.0,9095.0,9114.0,7622
2014.12.05,9145.0,9209.0,9138.0,9207.0,4892
2014.12.08,9209.0,9213.0,9174.0,9190.0,4171
2014.12.09,9133.0,9152.0,9022.0,9037.0,7570
2014.12.10,9072.0,9079.0,9000.0,9020.0,7973
2014.12.11,8983.0,9061.0,8968.0,9061.0,7206
2014.12.12,8982.0,9022.0,8886.0,8889.0,9116
2014.12.15,8847.0,8902.0,8697.0,8697.0,8918
2014.12.16,8700.0,8784.0,8572.0,8784.0,15313
2014.12.17,8715.0,8782.0,8713.0,8780.0,10361
2014.12.18,8824.0,9018.0,8824.0,9009.0,6518
2014.12.19,9092.0,9092.0,8919.0,9002.0,8630
2014.12.22,9039.0,9064.0,9003.0,9032.0,5671
2014.12.23,9067.0,9095.0,9008.0,9030.0,4989
2014.12.29,9045.0,9055.0,8998.0,9021.0,6354
2014.12.30,9023.0,9037.0,8958.0,8967.0,3821
2015.01.05,8911.0,9064.0,8908.0,8941.0,9036
2015.01.06,8916.0,8984.0,8853.0,8865.0,8960
2015.01.07,8878.0,8934.0,8850.0,8884.0,7773
2015.01.08,8976.0,9155.0,8969.0,9152.0,6452
2015.01.09,9123.0,9180.0,9072.0,9093.0,9495
2015.01.12,9113.0,9198.0,9098.0,9147.0,8817
2015.01.13,9134.0,9293.0,9112.0,9260.0,6574
2015.01.14,9164.0,9280.0,9161.0,9194.0,10269
2015.01.15,9274.0,9284.0,7917.0,8405.0,14566
2015.01.16,8223.0,8278.0,7853.0,7894.0,11567
2015.01.19,8001.0,8243.0,7980.0,8131.0,7800
2015.01.20,8195.0,8270.0,8159.0,8180.0,7496
2015.01.21,8179.0,8202.0,7908.0,7989.0,7751
2015.01.22,8011.0,8017.0,7849.0,8005.0,7476
2015.01.23,8026.0,8163.0,7994.0,8154.0,7093
2015.01.26,8099.0,8317.0,8098.0,8306.0,9196
2015.01.27,8327.0,8444.0,8305.0,8385.0,10518
2015.01.28,8414.0,8447.0,8296.0,8346.0,10208
2015.01.29,8284.0,8431.0,8258.0,8421.0,8782
2015.01.30,8467.0,8507.0,8389.0,8394.0,9051
2015.02.02,8407.0,8472.0,8399.0,8430.0,7728
2015.02.03,8486.0,8516.0,8423.0,8427.0,7246
2015.02.04,8478.0,8614.0,8457.0,8606.0,6980
2015.02.05,8541.0,8558.0,8500.0,8519.0,6637
2015.02.06,8539.0,8616.0,8482.0,8587.0,6004
2015.02.09,8522.0,8634.0,8517.0,8618.0,7248
2015.02.10,8615.0,8635.0,8555.0,8610.0,6700
2015.02.11,8624.0,8643.0,8537.0,8567.0,5228
2015.02.12,8590.0,8617.0,8561.0,8608.0,5960
2015.02.13,8647.0,8671.0,8609.0,8660.0,4534
2015.02.16,8659.0,8739.0,8637.0,8709.0,2644
2015.02.17,8717.0,8752.0,8667.0,8748.0,4586
2015.02.18,8775.0,8829.0,8759.0,8809.0,3616
2015.02.19,8819.0,8924.0,8793.0,8913.0,5513
2015.02.20,8894.0,8935.0,8842.0,8883.0,7074
2015.02.23,8925.0,8986.0,8910.0,8974.0,4334
2015.02.24,8979.0,8999.0,8937.0,8983.0,4166
2015.02.25,8977.0,8986.0,8926.0,8980.0,3764
2015.02.26,8984.0,9052.0,8955.0,9036.0,3807
2015.02.27,9034.0,9067.0,8990.0,9012.0,4455
2015.03.02,9040.0,9052.0,8987.0,9038.0,3878
2015.03.03,9019.0,9059.0,8945.0,8960.0,4803
2015.03.04,8977.0,9009.0,8924.0,8992.0,5672
2015.03.05,8984.0,9051.0,8973.0,9033.0,5028
2015.03.06,9039.0,9108.0,9031.0,9082.0,4687
2015.03.09,9052.0,9073.0,8998.0,9042.0,4615
2015.03.10,9038.0,9093.0,9002.0,9020.0,5944
2015.03.11,9050.0,9121.0,9027.0,9105.0,5081
2015.03.12,9103.0,9133.0,9081.0,9126.0,5047
2015.03.13,9153.0,9162.0,9121.0,9161.0,5018
2015.03.16,9165.0,9274.0,9156.0,9238.0,3974
2015.03.17,9256.0,9262.0,9171.0,9205.0,6142
2015.03.18,9234.0,9283.0,9183.0,9261.0,5669
2015.03.19,9276.0,9341.0,9263.0,9323.0,5231
2015.03.20,9333.0,9394.0,9331.0,9386.0,4875
2015.03.23,9383.0,9390.0,9338.0,9362.0,5316
2015.03.24,9363.0,9395.0,9281.0,9311.0,4949
2015.03.25,9280.0,9311.0,9173.0,9189.0,5953
2015.03.26,9145.0,9154.0,8998.0,9077.0,8771
2015.03.27,9084.0,9161.0,9072.0,9094.0,6606
2015.03.30,9115.0,9220.0,9104.0,9216.0,5087
2015.03.31,9198.0,9251.0,9120.0,9133.0,6500
2015.04.01,9086.0,9187.0,9070.0,9139.0,6731
2015.04.02,9148.0,9158.0,9111.0,9125.0,4449
2015.04.07,9171.0,9301.0,9169.0,9265.0,4635
2015.04.08,9272.0,9310.0,9258.0,9264.0,4309
2015.04.09,9257.0,9424.0,9257.0,9409.0,3788
2015.04.10,9431.0,9505.0,9425.0,9505.0,3566
2015.04.13,9487.0,9500.0,9441.0,9459.0,3447
2015.04.14,9429.0,9466.0,9411.0,9439.0,4613
2015.04.15,9450.0,9499.0,9444.0,9476.0,3865
2015.04.16,9430.0,9447.0,9389.0,9400.0,5027
2015.04.17,9395.0,9425.0,9237.0,9252.0,8905
2015.04.20,9292.0,9292.0,9224.0,9243.0,3877
2015.04.21,9278.0,9356.0,9277.0,9303.0,5897
2015.04.22,9319.0,9363.0,9259.0,9340.0,6299
2015.04.23,9403.0,9430.0,9313.0,9318.0,6098
2015.04.24,9349.0,9391.0,9275.0,9311.0,4883
2015.04.27,9336.0,9352.0,9227.0,9349.0,4413
2015.04.28,9290.0,9319.0,9185.0,9236.0,5960
2015.04.29,9271.0,9301.0,9101.0,9124.0,7530
2015.04.30,9096.0,9107.0,9025.0,9080.0,6409
2015.05.04,9100.0,9145.0,9077.0,9104.0,4875
2015.05.05,9110.0,9213.0,9018.0,9020.0,8219
2015.05.06,9019.0,9019.0,8853.0,8872.0,7133
2015.05.07,8844.0,8897.0,8721.0,8873.0,8089
2015.05.08,8935.0,9107.0,8917.0,9086.0,7557
2015.05.11,9104.0,9145.0,9059.0,9110.0,6001
2015.05.12,9115.0,9115.0,8988.0,9056.0,8197
2015.05.13,9079.0,9096.0,9016.0,9036.0,6559
2015.05.15,9151.0,9188.0,9096.0,9120.0,5766
2015.05.18,9140.0,9204.0,9109.0,9182.0,5345
2015.05.19,9215.0,9306.0,9213.0,9294.0,4353
2015.05.20,9297.0,9339.0,9277.0,9339.0,3661
2015.05.21,9318.0,9371.0,9287.0,9368.0,3411
2015.05.22,9358.0,9386.0,9323.0,9349.0,3047
2015.05.26,9359.0,9380.0,9249.0,9259.0,4688
2015.05.27,9283.0,9414.0,9279.0,9414.0,3941
2015.05.28,9404.0,9426.0,9376.0,9394.0,3454
2015.05.29,9398.0,9408.0,9265.0,9268.0,5091
2015.06.01,9318.0,9326.0,9265.0,9275.0,5169
2015.06.02,9297.0,9299.0,9184.0,9199.0,6690
2015.06.03,9194.0,9297.0,9194.0,9261.0,5454
2015.06.04,9214.0,9279.0,9116.0,9226.0,7435
2015.06.05,9180.0,9193.0,9076.0,9098.0,7741
2015.06.08,9104.0,9119.0,9055.0,9074.0,4841
2015.06.09,9044.0,9044.0,8946.0,8980.0,5553
2015.06.10,8963.0,9135.0,8961.0,9117.0,5031
2015.06.11,9120.0,9189.0,9102.0,9129.0,5550
2015.06.12,9125.0,9146.0,9008.0,9039.0,6963
2015.06.15,8993.0,9008.0,8922.0,8950.0,6192
2015.06.16,8918.0,9002.0,8878.0,8975.0,6603
2015.06.17,8989.0,8992.0,8883.0,8918.0,5495
2015.06.18,8838.0,8880.0,8738.0,8871.0,7847
2015.06.19,8887.0,8975.0,8877.0,8883.0,6259
2015.06.22,8961.0,9039.0,8934.0,9031.0,7169
2015.06.23,9057.0,9170.0,9055.0,9134.0,5070
2015.06.24,9157.0,9171.0,9059.0,9078.0,6508
2015.06.25,9061.0,9120.0,9010.0,9043.0,7642
2015.06.26,8978.0,9050.0,8926.0,9015.0,5902
2015.06.29,8627.0,8946.0,8627.0,8864.0,8823
2015.06.30,8808.0,8894.0,8763.0,8802.0,10594
2015.07.01,8794.0,8956.0,8775.0,8903.0,9347
2015.07.02,8912.0,9006.0,8912.0,8960.0,6610
2015.07.03,8948.0,8960.0,8860.0,8919.0,5761
2015.07.06,8793.0,8894.0,8788.0,8853.0,8955
2015.07.07,8859.0,8891.0,8768.0,8770.0,8526
2015.07.08,8822.0,8868.0,8779.0,8860.0,10060
2015.07.09,8869.0,9013.0,8840.0,8986.0,8088
2015.07.10,9091.0,9146.0,9041.0,9135.0,8189
2015.07.13,9112.0,9264.0,9081.0,9241.0,7594
2015.07.14,9270.0,9323.0,9226.0,9312.0,4722
2015.07.15,9314.0,9350.0,9278.0,9335.0,5612
2015.07.16,9344.0,9442.0,9312.0,9434.0,5380
2015.07.17,9462.0,9468.0,9417.0,9428.0,4585
2015.07.20,9491.0,9523.0,9448.0,9469.0,2929
2015.07.21,9475.0,9480.0,9360.0,9370.0,4715
2015.07.22,9358.0,9364.0,9268.0,9275.0,4950
2015.07.23,9343.0,9407.0,9330.0,9377.0,5549
2015.07.24,9368.0,9421.0,9311.0,9326.0,4821
2015.07.27,9304.0,9335.0,9169.0,9179.0,6423
2015.07.28,9221.0,9275.0,9184.0,9272.0,5928
2015.07.29,9297.0,9389.0,9290.0,9385.0,5612
2015.07.30,9413.0,9442.0,9346.0,9396.0,5496
2015.07.31,9417.0,9429.0,9366.0,9426.0,5441
2015.08.03,9413.0,9501.0,9409.0,9452.0,4959
2015.08.04,9460.0,9494.0,9431.0,9466.0,4585
2015.08.05,9503.0,9542.0,9473.0,9528.0,4631
2015.08.06,9497.0,9517.0,9454.0,9457.0,4175
2015.08.07,9449.0,9453.0,9393.0,9396.0,4478
2015.08.10,9449.0,9520.0,9371.0,9510.0,4851
2015.08.11,9489.0,9503.0,9411.0,9431.0,5660
2015.08.12,9375.0,9379.0,9138.0,9161.0,8112
2015.08.13,9294.0,9384.0,9288.0,9340.0,6206
2015.08.14,9319.0,9385.0,9314.0,9342.0,5780
2015.08.17,9363.0,9419.0,9324.0,9396.0,6252
2015.08.18,9410.0,9413.0,9361.0,9392.0,5406
2015.08.19,9345.0,9356.0,9243.0,9255.0,6208
2015.08.20,9241.0,9246.0,9078.0,9084.0,7933
2015.08.21,8952.0,9035.0,8810.0,8823.0,11129
2015.08.24,8527.0,8629.0,8146.0,8457.0,23103
2015.08.25,8494.0,8809.0,8482.0,8788.0,16485
2015.08.26,8658.0,8734.0,8526.0,8561.0,13950
2015.08.27,8718.0,8831.0,8695.0,8828.0,11356
2015.08.28,8858.0,8870.0,8677.0,8792.0,11017
2015.08.31,8705.0,8830.0,8696.0,8779.0,6524
2015.09.01,8667.0,8766.0,8561.0,8608.0,14970
2015.09.02,8645.0,8716.0,8587.0,8638.0,12958
2015.09.03,8670.0,8817.0,8670.0,8784.0,10161
2015.09.04,8677.0,8720.0,8608.0,8644.0,12564
2015.09.07,8683.0,8748.0,8663.0,8710.0,5808
2015.09.08,8691.0,8845.0,8670.0,8782.0,6999
2015.09.09,8944.0,8965.0,8853.0,8881.0,6813
2015.09.10,8807.0,8905.0,8763.0,8775.0,10111
2015.09.11,8802.0,8810.0,8695.0,8762.0,7390
2015.09.14,8791.0,8853.0,8682.0,8693.0,11181
2015.09.15,8709.0,8811.0,8679.0,8799.0,10765
2015.09.16,8827.0,8880.0,8811.0,8870.0,5919
2015.09.17,8898.0,8912.0,8808.0,8870.0,5150
2015.09.18,8780.0,8808.0,8675.0,8773.0,9853
2015.09.21,8730.0,8856.0,8691.0,8798.0,7522
2015.09.22,8754.0,8775.0,8471.0,8473.0,10955
2015.09.23,8451.0,8546.0,8430.0,8466.0,7855
2015.09.24,8420.0,8449.0,8256.0,8282.0,10998
2015.09.25,8383.0,8549.0,8376.0,8527.0,8529
2015.09.28,8426.0,8535.0,8376.0,8377.0,10324
2015.09.29,8291.0,8366.0,8244.0,8334.0,10826
2015.09.30,8412.0,8536.0,8399.0,8500.0,8121
2015.10.01,8609.0,8646.0,8491.0,8509.0,9785
2015.10.02,8580.0,8623.0,8415.0,8504.0,10091
2015.10.05,8675.0,8765.0,8630.0,8740.0,7239
2015.10.06,8750.0,8807.0,8700.0,8756.0,6539
2015.10.07,8744.0,8793.0,8621.0,8624.0,7035
2015.10.08,8657.0,8718.0,8634.0,8667.0,8412
2015.10.09,8767.0,8769.0,8667.0,8681.0,7443
2015.10.12,8672.0,8726.0,8641.0,8701.0,5936
2015.10.13,8696.0,8701.0,8590.0,8670.0,7112
2015.10.14,8601.0,8644.0,8556.0,8561.0,7055
2015.10.15,8620.0,8663.0,8589.0,8650.0,5926
2015.10.16,8670.0,8745.0,8648.0,8727.0,5441
2015.10.19,8694.0,8789.0,8680.0,8704.0,5728
2015.10.20,8690.0,8726.0,8636.0,8646.0,5346
2015.10.21,8693.0,8700.0,8577.0,8614.0,6266
2015.10.22,8623.0,8803.0,8607.0,8800.0,6875
2015.10.23,8863.0,8943.0,8818.0,8925.0,8770
2015.10.26,8943.0,8956.0,8890.0,8909.0,4476
2015.10.27,8880.0,8893.0,8809.0,8868.0,4470
2015.10.28,8869.0,8940.0,8837.0,8932.0,6158
2015.10.29,8971.0,8973.0,8899.0,8945.0,7622
2015.10.30,8975.0,8988.0,8906.0,8941.0,6665
2015.11.02,8875.0,8955.0,8861.0,8922.0,5583
2015.11.03,8952.0,8958.0,8885.0,8927.0,3012
2015.11.04,8965.0,9036.0,8938.0,8959.0,4304
2015.11.05,8960.0,9031.0,8945.0,8991.0,4770
2015.11.06,9011.0,9015.0,8917.0,8964.0,6721
2015.11.09,8971.0,8979.0,8864.0,8870.0,4379
2015.11.10,8903.0,8911.0,8804.0,8840.0,4299
2015.11.11,8868.0,8949.0,8850.0,8883.0,3923
2015.11.12,8884.0,8928.0,8750.0,8832.0,5804
2015.11.13,8774.0,8817.0,8695.0,8741.0,6229
2015.11.16,8661.0,8767.0,8660.0,8731.0,5421
2015.11.17,8832.0,8950.0,8777.0,8939.0,4230
2015.11.18,8910.0,8997.0,8897.0,8979.0,4343
2015.11.19,9019.0,9080.0,8984.0,8991.0,3780
2015.11.20,9000.0,9057.0,8968.0,9005.0,3421
2015.11.23,9002.0,9008.0,8897.0,8930.0,3429
2015.11.24,8901.0,8911.0,8756.0,8802.0,4858
2015.11.25,8842.0,8982.0,8803.0,8958.0,3465
2015.11.26,8933.0,8982.0,8923.0,8965.0,2161
2015.11.27,8928.0,9031.0,8903.0,9010.0,3406
2015.11.30,8992.0,9047.0,8956.0,9006.0,2890
2015.12.01,9019.0,9040.0,8934.0,8989.0,4027
2015.12.02,9021.0,9051.0,8993.0,9027.0,4916
2015.12.03,8979.0,9040.0,8822.0,8836.0,9828
2015.12.04,8763.0,8823.0,8740.0,8813.0,7532
2015.12.07,8826.0,8931.0,8809.0,8824.0,5570
2015.12.08,8817.0,8831.0,8654.0,8713.0,6973
2015.12.09,8702.0,8738.0,8595.0,8620.0,7127
2015.12.10,8575.0,8671.0,8543.0,8656.0,7235
2015.12.11,8615.0,8642.0,8476.0,8517.0,8921
2015.12.14,8516.0,8562.0,8380.0,8383.0,10539
2015.12.15,8464.0,8600.0,8421.0,8598.0,6325
2015.12.16,8597.0,8657.0,8565.0,8596.0,6178
2015.12.17,8722.0,8796.0,8631.0,8662.0,5903
2015.12.18,8629.0,8661.0,8590.0,8628.0,7459
2015.12.21,8606.0,8681.0,8568.0,8572.0,2638
2015.12.22,8593.0,8609.0,8510.0,8516.0,5129
2015.12.23,8584.0,8731.0,8582.0,8709.0,4063
2015.12.28,8710.0,8779.0,8684.0,8748.0,2887
2015.12.29,8782.0,8895.0,8769.0,8886.0,2930
2015.12.30,8888.0,8915.0,8827.0,8828.0,3106
2016.01.04,8733.0,8757.0,8589.0,8616.0,7049
2016.01.05,8712.0,8730.0,8595.0,8687.0,6224
2016.01.06,8660.0,8720.0,8557.0,8615.0,6064
2016.01.07,8446.0,8477.0,8322.0,8430.0,7714
2016.01.08,8429.0,8502.0,8267.0,8274.0,9120
2016.01.11,8183.0,8317.0,8181.0,8224.0,7619
2016.01.12,8205.0,8394.0,8181.0,8331.0,5896
2016.01.13,8405.0,8483.0,8383.0,8414.0,6117
2016.01.14,8317.0,8344.0,8170.0,8297.0,8064
2016.01.15,8293.0,8306.0,8052.0,8094.0,8993
2016.01.18,8140.0,8217.0,8073.0,8089.0,6740
2016.01.19,8197.0,8276.0,8185.0,8203.0,8766
2016.01.20,8030.0,8086.0,7934.0,7959.0,9844
2016.01.21,8004.0,8136.0,7946.0,8036.0,14202
2016.01.22,8135.0,8308.0,8134.0,8261.0,6926
2016.01.25,8312.0,8316.0,8190.0,8228.0,7051
2016.01.26,8142.0,8329.0,8115.0,8316.0,8275
2016.01.27,8291.0,8317.0,8217.0,8300.0,7450
2016.01.28,8251.0,8311.0,8107.0,8155.0,10639
2016.01.29,8242.0,8318.0,8211.0,8300.0,6616
2016.02.03,8168.0,8249.0,8048.0,8107.0,8036
2016.02.04,8228.0,8231.0,7936.0,8012.0,8654
2016.02.05,8000.0,8074.0,7952.0,7955.0,9469
2016.02.08,7963.0,7994.0,7732.0,7736.0,10847
2016.02.09,7733.0,7792.0,7534.0,7587.0,11677
2016.02.10,7589.0,7796.0,7575.0,7756.0,11453
2016.02.11,7623.0,7648.0,7420.0,7514.0,13271
2016.02.12,7537.0,7642.0,7523.0,7633.0,8382
2016.02.15,7758.0,7880.0,7750.0,7858.0,5518
2016.02.16,7873.0,7902.0,7758.0,7799.0,8879
2016.02.17,7840.0,7966.0,7810.0,7934.0,5667
2016.02.18,7912.0,7984.0,7863.0,7881.0,6063
2016.02.19,7910.0,7922.0,7814.0,7864.0,6841
2016.02.22,7901.0,7998.0,7896.0,7949.0,3646
2016.02.23,7922.0,7930.0,7788.0,7800.0,6242
2016.02.24,7786.0,7820.0,7638.0,7688.0,7580
2016.02.25,7763.0,7815.0,7712.0,7790.0,7210
2016.02.26,7849.0,7922.0,7840.0,7893.0,20409
2016.02.29,7827.0,7862.0,7760.0,7853.0,24835
2016.03.01,7814.0,7968.0,7806.0,7962.0,21275
2016.03.02,8018.0,8031.0,7954.0,8026.0,22338
2016.03.03,8054.0,8055.0,7944.0,7954.0,18801
2016.03.04,7983.0,8016.0,7922.0,7984.0,24839
2016.03.07,7958.0,8027.0,7930.0,8019.0,16409
2016.03.08,7966.0,8010.0,7928.0,7958.0,9326
2016.03.09,7984.0,8032.0,7937.0,7964.0,8253
2016.03.10,7962.0,8098.0,7898.0,7906.0,13625
2016.03.11,7989.0,8017.0,7951.0,8005.0,7622
2016.03.14,8023.0,8054.0,7996.0,8019.0,13804
2016.03.15,7988.0,7998.0,7940.0,7948.0,12960
2016.03.16,7957.0,7973.0,7888.0,7916.0,12381
2016.03.17,7944.0,7962.0,7782.0,7860.0,17526
2016.03.18,7869.0,7900.0,7784.0,7812.0,15454
2016.03.21,7819.0,7888.0,7791.0,7841.0,15713
2016.03.22,7852.0,7858.0,7718.0,7850.0,18986
2016.03.23,7858.0,7929.0,7851.0,7884.0,14609
2016.03.24,7845.0,7868.0,7752.0,7754.0,14158
2016.03.29,7804.0,7829.0,7736.0,7790.0,6040
2016.03.30,7828.0,7870.0,7822.0,7854.0,5016
2016.03.31,7827.0,7834.0,7782.0,7797.0,4682
2016.04.01,7728.4,7733.5,7605.6,7680.6,12216
2016.04.04,7685.9,7756.4,7641.8,7723.1,8580
2016.04.05,7674.5,7690.3,7610.4,7635.6,10028
2016.04.06,7674.7,7811.7,7628.4,7811.7,9949
2016.04.07,7804.3,7828.3,7717.6,7740.6,10719
2016.04.08,7769.5,7826.6,7761.6,7815.6,8923
2016.04.11,7764.8,7808.6,7684.1,7710.0,9318
2016.04.12,7725.5,7800.6,7674.5,7792.1,9550
2016.04.13,7846.6,7961.1,7832.0,7953.6,8139
2016.04.14,7958.4,8031.3,7936.7,8019.8,7678
2016.04.15,8018.6,8029.7,7954.4,7997.9,6311
2016.04.18,7944.9,8049.9,7919.4,8046.9,7174
2016.04.19,8068.5,8164.3,8064.6,8157.8,6788
2016.04.20,8129.7,8228.3,8106.1,8208.3,7057
2016.04.21,8236.4,8237.9,8075.9,8133.4,10707
2016.04.22,8149.4,8162.3,8092.6,8137.3,7608
2016.04.25,8118.2,8140.2,8043.7,8097.6,7052
2016.04.26,8085.5,8130.3,8059.3,8082.5,7144
2016.04.27,8060.3,8124.4,8054.5,8107.9,6962
2016.04.28,8036.8,8109.2,7977.7,8020.1,6672
2016.04.29,8011.1,8037.4,7918.1,7942.6,9019
2016.05.02,7950.2,7996.0,7950.2,7989.0,5855
2016.05.03,7974.9,7984.7,7815.1,7848.4,8254
2016.05.04,7843.8,7881.5,7734.6,7748.6,8169
2016.05.06,7735.9,7771.4,7687.6,7770.9,8325
2016.05.09,7782.7,7846.6,7754.4,7832.6,6846
2016.05.10,7861.5,7960.2,7853.6,7957.2,7585
2016.05.11,7936.0,7945.3,7885.8,7913.8,6352
2016.05.12,7916.8,7970.5,7845.7,7910.1,9016
2016.05.13,7856.9,7945.6,7826.5,7864.8,10078
2016.05.17,7952.4,7976.0,7869.5,7882.0,9490
2016.05.18,7884.8,7979.4,7872.5,7954.8,9851
2016.05.19,7923.0,7960.7,7890.6,7934.1,10037
2016.05.20,7971.4,8012.9,7943.5,8004.9,7549
2016.05.23,8005.1,8072.0,7963.8,8022.6,8199
2016.05.24,8009.2,8151.0,7974.9,8133.5,7446
2016.05.25,8159.5,8185.8,8135.9,8175.9,5984
2016.05.26,8161.4,8232.1,8156.0,8225.9,6649
2016.05.27,8250.0,8305.5,8245.5,8295.3,5849
2016.05.30,8295.6,8321.6,8268.8,8274.6,2476
2016.05.31,8282.5,8289.3,8177.9,8198.4,5891
2016.06.01,8200.5,8237.1,8164.4,8192.0,6699
2016.06.02,8171.4,8243.5,8169.3,8242.5,7422
2016.06.03,8245.0,8249.9,8093.1,8161.6,8998
2016.06.06,8166.7,8183.4,8134.7,8157.2,6886
2016.06.07,8178.6,8218.9,8172.1,8179.6,4835
2016.06.08,8185.5,8197.1,8116.2,8138.9,5106
2016.06.09,8121.9,8127.8,8053.2,8067.2,6395
2016.06.10,8064.2,8075.2,7859.1,7875.1,6907
2016.06.13,7842.8,7874.8,7713.3,7730.8,8339
2016.06.14,7731.6,7739.1,7611.9,7648.5,6412
2016.06.15,7659.2,7760.2,7650.8,7661.3,6185
2016.06.16,7601.4,7706.1,7563.9,7700.6,5829
2016.06.17,7701.3,7773.4,7692.6,7766.4,8782
2016.06.20,7891.3,7930.8,7837.7,7867.5,6966
2016.06.21,7909.3,7999.7,7860.7,7954.1,8818
2016.06.22,7978.5,7991.9,7897.9,7906.4,8062
2016.06.23,7983.9,8096.4,7941.4,8084.9,11988
2016.06.24,7350.4,7878.4,7350.4,7633.9,14364
2016.06.27,7652.4,7761.4,7564.8,7644.0,13960
2016.06.28,7684.2,7845.9,7679.4,7842.9,10007
2016.06.29,7848.6,7986.6,7829.2,7954.5,9901
2016.06.30,7954.3,8098.5,7919.3,8076.0,11719
2016.07.01,8054.2,8097.0,8010.0,8083.1,9019
2016.07.04,8107.5,8123.1,8033.5,8062.7,4814
2016.07.05,8034.8,8041.3,7894.6,7921.6,9227
2016.07.06,7898.1,7960.1,7844.3,7949.3,12701
2016.07.07,7947.5,7998.5,7919.9,7947.9,9407
2016.07.08,7934.3,8047.1,7927.4,8040.5,10355
2016.07.11,8068.4,8127.6,8036.4,8093.0,8862
2016.07.12,8104.7,8151.6,8082.3,8137.5,6962
2016.07.13,8129.8,8158.2,8098.8,8122.8,7174
2016.07.14,8133.9,8186.4,8127.1,8160.0,8072
2016.07.15,8142.5,8166.8,8120.6,8143.0,8363
2016.07.18,8161.8,8181.0,8117.6,8148.5,6935
2016.07.19,8149.2,8152.0,8068.8,8103.1,6800
2016.07.20,8117.6,8203.1,8114.6,8180.8,5447
2016.07.21,8204.5,8232.2,8144.8,8153.3,8816
2016.07.22,8143.8,8197.9,8133.1,8191.5,6648
2016.07.25,8181.1,8234.5,8161.2,8185.4,5743
2016.07.26,8212.8,8238.9,8156.2,8236.1,7615
2016.07.27,8244.5,8259.7,8193.4,8200.0,7130
2016.07.28,8218.6,8253.4,8064.3,8095.3,7021
2016.07.29,8100.1,8147.8,8079.1,8137.8,7265
2016.08.02,8108.6,8123.4,7992.8,8025.4,7755
2016.08.03,8024.7,8042.8,7970.3,8039.2,7201
2016.08.04,8052.5,8098.9,8011.0,8093.8,8418
2016.08.05,8096.8,8202.1,8091.4,8187.3,7057
2016.08.08,8208.9,8229.0,8156.3,8166.8,4574
2016.08.09,8167.2,8237.1,8156.3,8219.4,4509
2016.08.10,8221.2,8251.4,8190.2,8193.7,5044
2016.08.11,8219.7,8307.4,8212.2,8297.5,5014
2016.08.12,8300.9,8305.1,8271.3,8287.3,4559
2016.08.15,8305.6,8315.8,8280.9,8283.0,2795
2016.08.16,8269.7,8272.3,8189.3,8190.8,5451
2016.08.17,8204.1,8234.1,8139.2,8183.5,5333
2016.08.18,8176.0,8197.1,8154.6,8179.6,4555
2016.08.19,8180.3,8212.8,8097.6,8126.9,4856
2016.08.22,8109.8,8203.6,8107.8,8167.9,7114
2016.08.23,8171.2,8219.8,8169.1,8190.5,5013
2016.08.24,8180.0,8220.1,8155.6,8162.1,5797
2016.08.25,8174.9,8174.9,8096.3,8119.9,6453
2016.08.26,8116.2,8174.4,8087.9,8154.4,7587
2016.08.29,8153.1,8183.0,8123.1,8180.8,4105
2016.08.30,8183.6,8247.0,8182.5,8236.3,4815
2016.08.31,8230.7,8252.5,8159.1,8192.6,5651
2016.09.01,8209.0,8239.4,8120.2,8167.6,7256
2016.09.02,8168.5,8297.3,8162.0,8284.8,8613
2016.09.05,8300.3,8321.7,8277.6,8304.9,3856
2016.09.06,8319.2,8331.9,8290.1,8298.1,4611
2016.09.07,8313.9,8324.2,8253.3,8307.5,4719
2016.09.08,8313.9,8349.6,8271.5,8314.7,8564
2016.09.09,8321.6,8327.1,8203.5,8204.0,7258
2016.09.12,8166.5,8261.7,8136.9,8261.2,8696
2016.09.13,8248.0,8251.1,8160.7,8190.1,7745
2016.09.14,8219.6,8222.7,8130.4,8147.9,5960
2016.09.15,8138.6,8191.6,8132.1,8187.6,6132
2016.09.16,8170.2,8195.3,8109.9,8140.6,9392
2016.09.19,8178.7,8204.8,8150.1,8164.1,5075
2016.09.20,8176.5,8271.7,8163.9,8234.5,5214
2016.09.21,8259.7,8286.1,8199.6,8263.2,6129
2016.09.22,8261.4,8324.0,8248.6,8313.5,4998
2016.09.23,8310.3,8314.9,8234.6,8245.9,4110
2016.09.26,8228.1,8237.6,8156.2,8165.0,4780
2016.09.27,8208.5,8212.7,8118.0,8199.6,6958
2016.09.28,8188.0,8275.4,8187.5,8270.9,6995
2016.09.29,8287.3,8293.4,8089.4,8098.9,8120
2016.09.30,8079.2,8164.3,8016.6,8151.7,8842
2016.10.03,8146.1,8182.4,8134.6,8155.4,3705
2016.10.04,8172.2,8234.9,8155.9,8186.8,7912
2016.10.05,8206.4,8219.7,8158.8,8192.9,6209
2016.10.06,8201.3,8217.8,8145.1,8178.0,6305
2016.10.07,8169.9,8181.7,8077.8,8110.4,10123
2016.10.10,8116.0,8180.5,8056.5,8158.1,4884
2016.10.11,8142.7,8186.3,8106.9,8126.9,6666
2016.10.12,8123.6,8135.9,8066.5,8099.6,5336
2016.10.13,8044.6,8053.6,7947.8,8038.2,7430
2016.10.14,8049.0,8128.8,8015.9,8083.9,6110
2016.10.17,8063.8,8075.6,7983.0,8001.5,6066
2016.10.18,8040.6,8084.7,8023.3,8078.7,4433
2016.10.19,8084.5,8107.2,8053.6,8092.1,3882
2016.10.20,8071.1,8227.0,8012.5,8079.5,6238
2016.10.21,8068.1,8092.4,8015.2,8046.6,4551
2016.10.24,8052.6,8081.0,7975.6,7997.1,5114
2016.10.25,8010.5,8016.0,7917.3,7920.8,5987
2016.10.26,7920.2,7921.6,7855.9,7868.9,6960
2016.10.27,7852.0,7947.1,7829.6,7911.2,8963
2016.10.28,7906.0,7927.6,7841.2,7854.3,10961
2016.10.31,7883.5,7884.7,7820.4,7827.9,6064
2016.11.01,7867.4,7870.4,7718.3,7742.8,8960
2016.11.02,7714.1,7763.7,7673.2,7682.2,10145
2016.11.03,7678.5,7698.1,7600.5,7604.5,9636
2016.11.04,7620.8,7625.2,7553.2,7561.2,9302
2016.11.07,7680.5,7743.7,7665.7,7734.7,6071
2016.11.08,7720.5,7771.1,7706.9,7758.1,7582
2016.11.09,7484.1,7948.8,7475.6,7937.8,23282
2016.11.10,7962.3,8002.4,7860.1,7943.6,18719
2016.11.11,7942.6,7972.9,7851.9,7900.8,14541
2016.11.14,7945.7,7974.9,7846.8,7899.4,15156
2016.11.15,7899.4,7947.1,7852.5,7944.6,10652
2016.11.16,7950.5,7951.8,7885.1,7905.3,10516
2016.11.17,7921.6,7978.1,7894.9,7975.0,9073
2016.11.18,7972.6,7990.3,7886.3,7895.3,9814
2016.11.21,7912.3,7918.3,7836.0,7864.4,7392
2016.11.22,7896.9,7897.4,7726.5,7776.5,6006
2016.11.23,7771.3,7782.6,7701.8,7770.4,9509
2016.11.24,7771.5,7813.2,7748.6,7809.2,6022
2016.11.25,7812.1,7913.6,7796.0,7900.1,4890
2016.11.28,7889.4,7894.0,7798.0,7798.5,8155
2016.11.29,7809.4,7864.3,7776.4,7833.7,7877
2016.11.30,7841.1,7899.1,7824.1,7856.1,8587
2016.12.01,7857.0,7858.5,7740.5,7741.0,8807
2016.12.02,7738.4,7797.4,7693.9,7790.4,8406
2016.12.05,7722.4,7894.9,7721.4,7856.0,12138
2016.12.06,7870.4,7957.7,7830.9,7945.7,8540
2016.12.07,7948.5,7972.1,7905.8,7945.1,8070
2016.12.08,7941.5,7975.5,7901.4,7951.0,12478
2016.12.09,7958.4,8120.2,7948.8,8105.5,8325
2016.12.12,8103.3,8110.3,8022.1,8030.1,8179
2016.12.13,8024.6,8186.1,8017.6,8172.1,6016
2016.12.14,8166.2,8166.8,8106.2,8117.4,8187
2016.12.15,8140.9,8221.7,8123.9,8190.1,8458
2016.12.16,8199.2,8241.6,8192.7,8218.8,8440
2016.12.19,8233.8,8247.8,8194.4,8218.2,6924
2016.12.20,8235.8,8278.2,8219.8,8250.0,7245
2016.12.21,8241.5,8262.1,8203.5,8219.8,5525
2016.12.22,8202.4,8256.3,8202.4,8227.6,6678
2016.12.23,8227.7,8260.6,8209.8,8243.6,4227
2016.12.27,8209.3,8277.6,8208.8,8252.6,2705
2016.12.28,8253.3,8273.7,8212.8,8214.8,4030
2016.12.29,8221.5,8268.9,8207.0,8227.5,4761
2016.12.30,8245.4,8257.7,8197.4,8218.0,5935
2017.01.03,8297.7,8344.5,8282.5,8340.0,8036
2017.01.04,8355.2,8371.9,8309.3,8367.9,8266
2017.01.05,8349.5,8402.5,8329.1,8389.1,8532
2017.01.06,8400.6,8440.5,8371.9,8428.6,7075
2017.01.09,8441.8,8450.3,8388.2,8431.5,6951
2017.01.10,8425.0,8464.1,8387.9,8450.5,6275
2017.01.11,8461.9,8472.1,8376.0,8427.0,10009
2017.01.12,8405.0,8416.4,8351.6,8414.4,9661
2017.01.13,8420.5,8453.1,8398.5,8445.2,8262
2017.01.16,8417.7,8436.2,8352.5,8353.0,6131
2017.01.17,8347.3,8348.8,8294.9,8314.7,8431
2017.01.18,8335.9,8342.1,8275.7,8327.6,5572
2017.01.19,8329.8,8334.3,8248.4,8261.9,7676
2017.01.20,8273.3,8288.5,8246.8,8272.8,8598
2017.01.23,8224.9,8252.3,8190.6,8238.5,5633
2017.01.24,8240.8,8277.0,8228.2,8266.6,3942
2017.01.25,8280.4,8390.3,8260.0,8385.3,8342
2017.01.26,8412.5,8474.4,8397.7,8403.2,8300
2017.01.27,8420.0,8427.8,8343.8,8388.0,8422
2017.01.30,8356.3,8383.2,8303.2,8332.8,7950
2017.01.31,8313.6,8349.4,8267.2,8318.2,10468
2017.02.01,8347.7,8381.8,8317.7,8345.0,8325
2017.02.02,8311.4,8318.0,8257.5,8293.0,9621
2017.02.03,8279.5,8367.3,8274.5,8365.4,7240
2017.02.06,8358.2,8379.5,8306.3,8321.3,7953
2017.02.07,8307.7,8402.4,8298.8,8373.3,6577
2017.02.08,8389.4,8400.8,8329.0,8379.1,8196
2017.02.09,8387.4,8451.3,8382.2,8445.9,6961
2017.02.10,8460.6,8463.6,8408.2,8460.2,6903
2017.02.13,8457.0,8488.8,8441.0,8466.6,5327
2017.02.14,8458.0,8466.0,8419.5,8447.2,6015
2017.02.15,8463.5,8495.2,8447.1,8491.7,6169
2017.02.16,8451.3,8480.6,8437.7,8473.4,7725
2017.02.17,8460.2,8537.3,8432.4,8533.3,8262
2017.02.20,8547.8,8554.8,8500.7,8513.4,5003
2017.02.21,8530.9,8585.1,8495.5,8574.4,5907
2017.02.22,8578.2,8598.1,8545.2,8585.4,7713
2017.02.23,8584.7,8586.2,8553.1,8565.6,6735
2017.02.24,8553.5,8561.2,8467.9,8535.1,8466
2017.02.27,8540.1,8549.2,8497.7,8544.9,5839
2017.02.28,8543.5,8546.3,8506.8,8532.6,5972
2017.03.01,8553.1,8648.2,8546.6,8636.3,6346
2017.03.02,8606.6,8684.4,8605.6,8662.4,6546
2017.03.03,8652.9,8713.4,8628.9,8684.9,6576
2017.03.06,8668.9,8693.9,8635.9,8684.4,4800
2017.03.07,8695.4,8695.4,8626.9,8637.9,4886
2017.03.08,8632.4,8643.9,8593.9,8614.9,6748
2017.03.09,8614.9,8642.9,8586.9,8639.4,7695
2017.03.10,8661.4,8675.4,8636.9,8674.9,7230
2017.03.13,8675.4,8704.9,8654.9,8702.9,4771
2017.03.14,8696.4,8698.4,8652.9,8674.5,5369
2017.03.15,8694.4,8699.3,8659.7,8696.8,6343
2017.03.16,8663.0,8678.4,8638.4,8671.9,5473
2017.03.17,8668.9,8712.0,8649.4,8702.1,5797
2017.03.20,8684.2,8697.3,8677.5,8683.3,3967
2017.03.21,8698.6,8708.3,8576.2,8595.7,7708
2017.03.22,8576.8,8587.0,8521.6,8575.5,6930
2017.03.23,8588.5,8636.0,8555.0,8614.0,6599
2017.03.24,8632.5,8635.5,8582.0,8607.0,6013
2017.03.27,8560.9,8622.4,8519.4,8614.9,6146
2017.03.28,8627.4,8662.9,8568.4,8646.4,5122
2017.03.29,8649.9,8680.4,8602.4,8677.9,4887
2017.03.30,8666.4,8709.9,8661.9,8690.4,3751
2017.03.31,8673.4,8678.4,8646.4,8662.9,4072
2017.04.03,8668.9,8698.9,8610.9,8658.4,4988
2017.04.04,8643.9,8671.9,8611.4,8671.9,4737
2017.04.05,8668.4,8671.9,8600.4,8600.9,5260
2017.04.06,8593.9,8654.9,8579.4,8644.9,5908
2017.04.07,8619.9,8683.4,8595.9,8665.9,5858
2017.04.10,8675.9,8681.9,8586.9,8609.9,4708
2017.04.11,8594.9,8672.9,8580.9,8670.4,7309
2017.04.12,8667.9,8698.9,8645.9,8658.9,6242
2017.04.13,8669.9,8669.9,8606.9,8611.4,5634
2017.04.18,8659.9,8661.9,8494.9,8522.4,6773
2017.04.19,8509.4,8531.4,8486.9,8491.9,5278
2017.04.20,8504.9,8590.9,8504.9,8571.4,6537
2017.04.21,8553.9,8573.9,8535.4,8566.4,5536
2017.04.24,8637.9,8731.9,8637.9,8721.4,7402
2017.04.25,8721.4,8793.4,8712.9,8782.9,4380
2017.04.26,8785.9,8837.4,8763.9,8782.4,5498
2017.04.27,8790.9,8860.9,8790.9,8850.4,5111
2017.04.28,8836.5,8839.5,8796.5,8811.5,4646
2017.05.02,8802.0,8892.5,8802.0,8887.5,3884
2017.05.03,8883.5,8915.4,8849.9,8911.4,4106
2017.05.04,8913.9,8979.6,8904.4,8971.1,5377
2017.05.05,8932.2,9040.9,8928.2,9037.4,5358
2017.05.08,9022.9,9060.9,8995.4,9053.4,5445
2017.05.09,9049.4,9133.9,9036.4,9117.9,4914
2017.05.10,9103.9,9106.4,9043.9,9106.4,4806
2017.05.11,9107.5,9119.5,9060.5,9089.5,5580
2017.05.12,9063.4,9127.9,9054.9,9113.9,4634
2017.05.15,9118.9,9137.9,9073.9,9108.4,4525
2017.05.16,9103.4,9136.2,9077.9,9116.2,4926
2017.05.17,9093.2,9108.0,8929.0,8929.0,7411
2017.05.18,8944.0,8992.5,8899.1,8943.1,12540
2017.05.19,8981.6,9038.3,8963.1,9037.8,6014
2017.05.22,9045.3,9093.8,9019.8,9080.3,5941
2017.05.23,9073.8,9083.8,9038.3,9076.3,5971
2017.05.24,9071.4,9075.4,9026.9,9035.4,5430
2017.05.26,9018.9,9054.9,9006.9,9039.9,5338
2017.05.29,9044.4,9045.4,8996.4,9022.9,2567
2017.05.30,9016.9,9036.4,8967.9,9003.9,6080
2017.05.31,8998.4,9070.9,8988.4,9004.4,6591
2017.06.01,9010.9,9069.9,9001.4,9052.9,5858
2017.06.02,9077.4,9086.9,9005.9,9053.9,7995
2017.06.06,8969.9,8984.9,8896.4,8902.9,8114
2017.06.07,8916.9,8942.9,8853.4,8883.4,7966
2017.06.08,8888.9,8895.9,8793.4,8820.9,8879
2017.06.09,8828.4,8875.4,8796.4,8837.9,8802
2017.06.12,8830.4,8832.4,8789.9,8813.9,8632
2017.06.13,8818.4,8888.4,8818.4,8882.4,6983
2017.06.14,8858.4,8912.4,8829.4,8877.0,8478
2017.06.15,8866.7,8876.7,8777.4,8871.7,9435
2017.06.16,8902.1,8982.7,8897.1,8973.7,8208
2017.06.19,8986.9,9050.7,8970.3,9045.7,6752
2017.06.20,9054.2,9088.8,8992.1,9009.1,8321
2017.06.21,8999.5,9006.1,8930.8,8979.1,10281
2017.06.22,8977.5,9050.0,8977.5,9026.6,7975
2017.06.23,9048.9,9055.3,8987.6,9035.7,6497
2017.06.26,9057.2,9146.4,9057.2,9138.1,6833
2017.06.27,9138.9,9148.9,9042.3,9067.7,7944
2017.06.28,9054.2,9089.1,9037.4,9077.5,8773
2017.06.29,9100.0,9110.8,8895.0,8935.5,9996
2017.06.30,8933.2,8996.6,8899.0,8936.0,8774
2017.07.03,8965.5,9025.5,8933.5,8996.4,6043
2017.07.04,8999.3,9009.0,8952.4,8957.8,4976
2017.07.05,8964.6,8964.6,8904.1,8961.9,7494
2017.07.06,8957.7,8957.7,8832.4,8856.1,8147
2017.07.07,8864.5,8913.0,8848.1,8905.5,7117
2017.07.10,8915.4,8955.6,8903.8,8946.2,6609
2017.07.11,8956.6,8969.6,8857.3,8888.1,7000
2017.07.12,8884.0,9037.0,8871.9,9024.0,7784
2017.07.13,9034.8,9048.9,8996.7,9023.1,6170
2017.07.14,9018.0,9046.9,8994.5,9039.9,5478
2017.07.17,9047.2,9053.2,8996.0,9021.6,5697
2017.07.18,9008.3,9084.5,8963.1,8992.7,8756
2017.07.19,9003.1,9053.2,8988.9,9048.2,6318
2017.07.20,9060.5,9076.5,8989.4,9031.5,9219
2017.07.21,9031.1,9047.8,8925.5,8942.5,8513
2017.07.24,8928.9,8948.0,8884.4,8926.8,8364
2017.07.25,8926.7,8984.7,8904.9,8954.1,7899
2017.07.26,8951.4,9021.7,8948.5,8977.8,8649
2017.07.27,8972.3,9060.1,8961.3,9013.5,9711
2017.07.28,8998.2,9040.9,8952.1,9036.3,8732
2017.07.31,9012.7,9100.3,8997.1,9050.7,7096
2017.08.02,9101.4,9148.8,9072.8,9144.8,7781
2017.08.03,9143.7,9158.4,9090.0,9119.3,8042
2017.08.04,9106.7,9186.4,9106.0,9172.7,8160
2017.08.07,9189.8,9198.1,9138.3,9167.6,5912
2017.08.08,9161.0,9189.0,9107.9,9114.4,5727
2017.08.09,9095.1,9095.1,9003.4,9037.7,10232
2017.08.10,9025.4,9044.0,8918.4,8918.9,11164
2017.08.11,8904.9,8920.5,8861.2,8874.0,10761
2017.08.14,8915.7,9039.4,8915.7,9028.6,7312
2017.08.15,9043.1,9063.6,8989.1,9021.7,7579
2017.08.16,9020.9,9068.5,8982.8,8993.3,8154
2017.08.17,8992.6,9001.7,8874.5,8875.5,11642
2017.08.18,8892.7,8902.0,8847.8,8877.0,10783
2017.08.21,8871.0,8933.4,8851.0,8879.2,9467
2017.08.22,8910.4,8992.6,8897.5,8989.6,6994
2017.08.23,8981.8,8988.6,8914.8,8944.9,8423
2017.08.24,8937.3,8979.7,8926.3,8934.3,7594
2017.08.25,8943.7,8961.5,8882.3,8887.3,8256
2017.08.28,8885.9,8893.2,8846.3,8859.8,5834
2017.08.29,8814.4,8866.5,8751.1,8857.0,10518
2017.08.30,8867.2,8885.9,8827.0,8869.6,6714
2017.08.31,8886.9,8938.9,8864.6,8911.5,6528
2017.09.01,8938.7,8948.9,8915.5,8942.8,6609
2017.09.04,8899.3,8900.1,8851.0,8864.9,4964
2017.09.05,8852.4,8928.0,8805.3,8823.2,8709
2017.09.06,8820.2,8900.4,8795.0,8878.3,8843
2017.09.07,8869.6,8922.9,8833.5,8910.4,9845
2017.09.08,8882.5,8921.4,8862.5,8865.0,7381
2017.09.11,8911.7,9009.6,8911.2,9009.6,6758
2017.09.12,9003.1,9059.8,9003.1,9058.8,7307
2017.09.13,9033.8,9075.7,9023.1,9046.9,5008
2017.09.14,9043.8,9073.5,9028.8,9051.3,7288
2017.09.15,9059.3,9059.3,9000.6,9030.0,8072
2017.09.18,9058.8,9070.7,9032.2,9037.7,5386
2017.09.19,9053.0,9096.6,9029.0,9091.1,7134
2017.09.20,9080.3,9130.3,9062.3,9128.8,6982
2017.09.21,9120.0,9142.7,9109.3,9128.1,7250
2017.09.22,9133.6,9154.6,9123.0,9136.5,6369
2017.09.25,9124.1,9164.9,9083.3,9101.8,6497
2017.09.26,9102.8,9154.4,9097.0,9102.7,6615
2017.09.27,9135.2,9144.9,9073.0,9097.5,6115
2017.09.28,9105.6,9123.4,9075.4,9107.3,5993
2017.09.29,9100.2,9178.8,9096.0,9174.8,5463
2017.10.02,9181.2,9253.5,9167.5,9250.5,5766
2017.10.03,9264.8,9291.5,9242.9,9283.0,3494
2017.10.04,9276.3,9288.0,9250.1,9271.4,4935
2017.10.05,9281.0,9281.0,9246.3,9274.2,4604
2017.10.06,9274.0,9286.5,9236.9,9260.5,5508
2017.10.09,9259.8,9270.8,9230.2,9239.2,5038
2017.10.10,9252.2,9280.6,9241.3,9279.5,6065
2017.10.11,9276.8,9285.3,9255.2,9275.8,5677
2017.10.12,9277.6,9308.9,9254.9,9293.8,5163
2017.10.13,9306.9,9317.3,9279.0,9309.8,5087
2017.10.16,9323.4,9323.4,9260.7,9285.7,4677
2017.10.17,9288.8,9305.6,9248.2,9272.6,4976
2017.10.18,9280.7,9316.2,9253.5,9307.2,4868
2017.10.19,9297.4,9305.9,9218.8,9231.6,8283
2017.10.20,9267.7,9278.3,9213.1,9248.6,6140
2017.10.23,9248.1,9274.7,9218.7,9229.3,5954
2017.10.24,9248.1,9256.3,9184.1,9189.5,6437
2017.10.25,9190.7,9202.4,9043.6,9107.1,8666
2017.10.26,9099.1,9204.6,9071.9,9181.9,9229
2017.10.27,9204.4,9252.7,9156.4,9164.4,8441
2017.10.30,9156.7,9200.7,9128.3,9160.0,6292
2017.10.31,9162.3,9258.8,9162.3,9246.7,4945
2017.11.01,9273.7,9297.7,9247.8,9253.8,6745
2017.11.02,9246.7,9284.9,9223.5,9279.9,7779
2017.11.03,9288.7,9325.9,9265.5,9311.4,5975
2017.11.06,9307.5,9326.8,9275.3,9291.8,5485
2017.11.07,9311.4,9318.8,9197.5,9224.5,7259
2017.11.08,9223.9,9277.1,9197.9,9261.6,6996
2017.11.09,9254.4,9281.9,9130.4,9189.9,12320
2017.11.10,9177.1,9191.1,9121.0,9152.7,8264
2017.11.13,9155.3,9191.1,9104.3,9167.0,8576
2017.11.14,9157.1,9192.2,9097.2,9120.8,9287
2017.11.15,9100.7,9104.3,9043.1,9065.8,11133
2017.11.16,9096.3,9163.2,9088.5,9152.4,7442
2017.11.17,9139.3,9193.1,9119.1,9171.5,7597
2017.11.20,9133.4,9314.3,9130.7,9289.4,8861
2017.11.21,9300.1,9350.8,9261.1,9332.8,8095
2017.11.22,9334.7,9359.7,9288.3,9295.8,7659
2017.11.23,9289.7,9327.0,9246.1,9301.9,6840
2017.11.24,9317.3,9349.2,9296.5,9329.5,6878
2017.11.27,9312.9,9339.0,9253.7,9267.6,8893
2017.11.28,9261.0,9372.0,9261.0,9365.0,8997
2017.11.29,9369.2,9375.2,9281.4,9295.4,10112
2017.11.30,9293.0,9368.6,9284.9,9316.0,10730
2017.12.01,9314.5,9363.2,9245.4,9309.9,14474
2017.12.04,9344.2,9382.2,9307.9,9307.9,10367
2017.12.05,9329.3,9349.3,9250.8,9256.8,9654
2017.12.06,9250.7,9324.1,9210.7,9304.5,10205
2017.12.07,9325.9,9339.5,9259.6,9290.5,9208
2017.12.08,9315.9,9338.9,9284.2,9333.4,8525
2017.12.11,9336.9,9346.4,9305.5,9328.6,7574
2017.12.12,9328.0,9361.1,9285.7,9354.6,8468
2017.12.13,9343.0,9404.3,9319.5,9357.5,5409
2017.12.14,9366.5,9414.5,9349.0,9363.5,7266
2017.12.15,9396.1,9415.3,9361.5,9403.4,8228
2017.12.18,9427.4,9470.0,9418.0,9450.0,6182
2017.12.19,9444.6,9465.9,9381.9,9382.4,5892
2017.12.20,9402.0,9405.2,9308.1,9320.1,7435
2017.12.21,9312.7,9431.9,9286.6,9401.1,6626
2017.12.22,9399.2,9435.3,9386.8,9400.5,5113
2017.12.27,9412.5,9444.8,9383.1,9426.0,5112
2017.12.28,9435.1,9436.1,9392.1,9402.0,4165
2017.12.29,9393.1,9396.4,9373.8,9385.8,2682
2018.01.03,9388.2,9495.3,9380.2,9492.8,7862
2018.01.04,9491.4,9524.7,9466.1,9515.2,5600
2018.01.05,9535.3,9557.2,9524.9,9553.2,6799
2018.01.08,9571.3,9584.8,9530.9,9553.9,6469
2018.01.09,9535.0,9608.0,9535.0,9605.1,6780
2018.01.10,9596.3,9596.3,9503.7,9520.4,8485
2018.01.11,9531.5,9554.8,9472.0,9519.4,7745
2018.01.12,9524.4,9561.2,9506.5,9547.6,7957
2018.01.15,9566.2,9567.2,9512.2,9536.5,5740
2018.01.16,9544.9,9566.0,9422.5,9436.5,9502
2018.01.17,9443.7,9481.0,9419.5,9461.1,8286
2018.01.18,9469.2,9494.2,9430.5,9458.7,8899
2018.01.19,9433.3,9535.3,9433.3,9534.8,8407
2018.01.22,9526.8,9538.1,9472.2,9534.6,7039
2018.01.23,9547.7,9592.2,9529.3,9549.0,8149
2018.01.24,9571.0,9614.4,9507.2,9541.3,10160
2018.01.25,9537.8,9566.8,9472.1,9503.0,11553
2018.01.26,9502.7,9553.9,9495.1,9522.1,8801
2018.01.29,9514.0,9534.0,9449.9,9459.9,9160
2018.01.30,9424.7,9498.2,9388.7,9416.9,11677
2018.01.31,9439.4,9448.5,9325.8,9326.8,8893
2018.02.01,9351.1,9424.3,9284.9,9301.1,12648
2018.02.02,9277.2,9279.2,9182.8,9186.8,13060
2018.02.05,9154.1,9180.0,8910.7,8928.2,16131
2018.02.06,8848.7,8980.9,8709.5,8921.1,26471
2018.02.07,8849.4,9004.5,8839.4,8970.4,18570
2018.02.08,8975.8,8992.5,8721.7,8729.8,18685
2018.02.09,8771.1,8809.4,8607.1,8766.9,22999
2018.02.12,8773.5,8880.4,8772.0,8863.5,15984
2018.02.13,8829.4,8845.0,8740.3,8786.3,14765
2018.02.14,8793.1,8950.8,8746.3,8938.9,15798
2018.02.15,8931.5,8952.5,8885.6,8935.6,11975
2018.02.16,8953.8,8991.5,8938.0,8982.2,10120
2018.02.19,9007.0,9017.0,8896.1,8911.6,5750
2018.02.20,8915.0,8984.4,8896.0,8944.2,10855
2018.02.21,8952.6,8993.7,8900.1,8921.0,10060
2018.02.22,8906.9,8970.0,8895.9,8918.4,12274
2018.02.23,8958.9,8976.9,8895.3,8975.9,9247
2018.02.26,8985.5,9057.5,8960.5,9057.5,7507
2018.02.27,9046.3,9059.2,8952.9,8962.4,11327
2018.02.28,8953.6,8976.0,8872.8,8872.8,11706
2018.03.01,8884.0,8904.6,8684.8,8714.3,15694
2018.03.02,8701.8,8729.3,8597.3,8682.8,15926
2018.03.05,8622.3,8817.8,8608.3,8815.8,14252
2018.03.06,8826.8,8868.8,8756.8,8796.3,12410
2018.03.07,8707.3,8815.8,8706.8,8806.3,12702
2018.03.08,8816.3,8905.8,8777.3,8884.3,9912
2018.03.09,8890.8,8953.8,8877.3,8950.8,7500
2018.03.12,8984.8,8995.8,8931.3,8948.3,7500
2018.03.13,8958.3,8995.3,8836.3,8846.8,11382
2018.03.14,8865.3,8938.8,8851.8,8865.3,10210
2018.03.15,8840.8,8900.3,8808.8,8882.8,6400
2018.03.16,8857.8,8909.2,8854.8,8871.8,7957
2018.03.19,8846.3,8881.8,8773.8,8819.3,11815
2018.03.20,8835.5,8856.0,8768.5,8853.0,11028
2018.03.21,8852.2,8859.3,8738.6,8753.6,11351
2018.03.22,8746.9,8752.2,8560.1,8567.1,17255
2018.03.23,8550.2,8638.7,8471.6,8481.6,18883
2018.03.26,8535.3,8666.3,8490.8,8600.1,13845
2018.03.27,8644.1,8658.2,8530.3,8554.3,13223
2018.03.28,8543.9,8781.0,8520.4,8740.0,21698
2018.03.29,8747.9,8783.9,8712.4,8751.9,14664
2018.04.03,8681.1,8689.2,8594.3,8648.7,14524
2018.04.04,8610.9,8640.4,8519.5,8636.9,17507
2018.04.05,8666.9,8759.1,8640.0,8726.7,12340
2018.04.06,8665.8,8732.3,8591.8,8611.3,16154
2018.04.09,8665.8,8744.3,8655.9,8671.4,12831
2018.04.10,8741.0,8755.5,8700.8,8734.4,15321
2018.04.11,8724.8,8748.9,8682.2,8684.2,13185
2018.04.12,8692.2,8786.2,8682.3,8765.5,12676
2018.04.13,8767.5,8797.0,8739.9,8772.0,9711
2018.04.16,8753.8,8769.8,8687.8,8726.8,8506
2018.04.17,8745.3,8838.8,8726.8,8816.8,7051
2018.04.18,8829.6,8898.9,8804.7,8831.4,8500
2018.04.19,8846.9,8878.2,8788.5,8813.0,10555
2018.04.20,8825.1,8841.0,8783.0,8798.8,10171
2018.04.23,8831.5,8831.9,8734.0,8802.2,9826
2018.04.24,8798.0,8836.6,8706.1,8733.1,10864
2018.04.25,8723.5,8794.1,8687.5,8741.4,12899
2018.04.26,8752.1,8843.4,8723.0,8837.8,9881
2018.04.27,8838.8,8851.3,8804.8,8829.7,8911
2018.04.30,8856.8,8887.8,8822.8,8823.8,4816
2018.05.02,8873.7,8899.4,8845.7,8865.3,8052
2018.05.03,8857.2,8923.4,8836.8,8881.8,11126
2018.05.04,8874.7,8921.5,8841.3,8911.5,9137
2018.05.07,8898.4,8987.8,8873.4,8968.3,5735
2018.05.08,8961.4,8969.9,8907.2,8936.7,8194
2018.05.09,8944.1,9004.2,8923.0,8998.7,7874
2018.05.11,9021.2,9022.7,8962.8,8984.0,7825
2018.05.14,9002.6,9024.7,8978.2,8989.1,6340
2018.05.15,8979.1,9015.1,8961.0,8976.2,7433
2018.05.16,8981.2,9002.0,8948.3,8990.6,6421
2018.05.17,8986.3,8991.1,8935.3,8971.1,6824
2018.05.18,8986.0,8986.0,8915.9,8923.1,7824
2018.05.22,8976.9,8986.4,8905.2,8913.7,7022
2018.05.23,8910.6,8917.4,8764.3,8808.8,9192
2018.05.24,8789.7,8840.1,8730.9,8780.3,8441
2018.05.25,8804.2,8833.9,8733.8,8745.8,9148
2018.05.28,8780.3,8815.6,8756.9,8765.9,7072
2018.05.29,8758.9,8767.4,8555.0,8598.5,15265
2018.05.30,8611.4,8661.3,8571.6,8625.5,12871
2018.05.31,8622.4,8639.3,8439.5,8479.0,14058
2018.06.01,8487.8,8646.5,8487.8,8639.0,11037
2018.06.04,8650.7,8667.4,8604.1,8626.7,8432
2018.06.05,8617.6,8634.1,8514.7,8528.7,9452
2018.06.06,8555.9,8574.8,8467.5,8571.8,9005
2018.06.07,8575.6,8611.6,8472.0,8498.5,9333
2018.06.08,8483.1,8548.5,8453.6,8527.2,11564
2018.06.11,8535.6,8609.9,8519.1,8587.0,2876
